year,avg_temperature,day_of_year,flowering_range,lat,lon,decade,source
800,7.875775201246142,106,Mid (Apr),34.92736227342393,135.71596739802044,800,historical
801,12.883051354438066,91,Mid (Apr),34.95938669326715,135.71445158512796,800,modern
802,9.089769218116999,103,Mid (Apr),34.91601848134305,135.7149180392036,800,historical
803,13.830174040049314,89,Early (Jan-Mar),34.98534302387852,135.75144342598506,800,historical
804,14.404672842938453,87,Early (Jan-Mar),34.98477391577326,135.74928273062687,800,historical
805,5.455564993899316,114,Mid (Apr),34.94778868125286,135.76163427685387,800,historical
806,10.281054880470037,99,Mid (Apr),34.97736921224278,135.7447422890691,800,modern
807,13.92419044394046,88,Early (Jan-Mar),34.92954000805039,135.70556767152155,800,historical
808,10.514350144658238,98,Mid (Apr),34.90656281118281,135.70053963095415,800,modern
809,9.566147353034467,101,Mid (Apr),34.94405331248417,135.72218342011328,800,modern
810,14.56833345349878,86,Early (Jan-Mar),34.94620988578536,135.78509632239584,810,modern
811,9.533341561909765,101,Mid (Apr),34.93409343701787,135.72673462061212,810,historical
812,11.775706354528666,95,Mid (Apr),34.91851403187029,135.75986002732535,810,historical
813,10.726334019564092,98,Mid (Apr),34.950699772685766,135.76085996972398,810,historical
814,6.029246826656163,112,Mid (Apr),34.90191910306457,135.79921584404076,810,historical
815,13.998249704018235,88,Early (Jan-Mar),34.97736860394944,135.71911899608094,810,historical
816,7.460877343546599,108,Mid (Apr),34.95596650792286,135.77533905846067,810,modern
817,5.420595335308462,114,Mid (Apr),34.9641462639207,135.72423873371443,810,historical
818,8.279207192827016,105,Mid (Apr),34.94684321186505,135.73274522200225,810,modern
819,14.545036491472274,86,Early (Jan-Mar),34.92792238106485,135.7003535494674,810,historical
820,13.895393160637468,88,Early (Jan-Mar),34.94612165703438,135.79974241435994,820,historical
821,11.928034061565995,94,Mid (Apr),34.97927383417264,135.74380595043766,820,modern
822,11.405068137682974,96,Mid (Apr),34.95855655763298,135.79976887449158,820,historical
823,14.942697766236961,85,Early (Jan-Mar),34.93947589858435,135.7196719169151,820,historical
824,11.557057991158217,95,Mid (Apr),34.98112373496406,135.71114767957476,820,modern
825,12.085304681677371,94,Mid (Apr),34.931856309389694,135.72507364505435,820,modern
826,10.440660247113556,99,Mid (Apr),34.958144733821975,135.76804766030983,820,modern
827,10.941420204471797,97,Mid (Apr),34.94554889579303,135.75772542967462,820,modern
828,7.891597372945398,106,Mid (Apr),34.92688034498133,135.741634729621,820,historical
829,6.471136473119259,111,Mid (Apr),34.95551772047766,135.77291812435723,820,modern
830,14.630242325365543,86,Early (Jan-Mar),34.923123088432476,135.75741897330153,830,modern
831,14.022990451194346,88,Early (Jan-Mar),34.954323289799504,135.75776351490057,830,historical
832,11.907052784226835,94,Mid (Apr),34.9447570141172,135.75899991274346,830,historical
833,12.954674176871777,91,Mid (Apr),34.91302881368902,135.7222928340081,830,historical
834,5.246136845089495,114,Mid (Apr),34.96217259827536,135.7103492298629,830,modern
835,9.777959710918367,101,Mid (Apr),34.954799428326076,135.77365060269366,830,historical
836,12.584595375228673,92,Mid (Apr),34.91492442137096,135.76124037562403,830,historical
837,7.164079358335584,109,Mid (Apr),34.95595458692405,135.79512123605238,830,historical
838,8.181810076348484,105,Mid (Apr),34.942688557645305,135.79598758656067,830,historical
839,7.316257853526622,108,Mid (Apr),34.944773009838535,135.77448360500858,830,modern
840,6.428000223822892,111,Mid (Apr),34.98332947716117,135.74348301456774,840,historical
841,9.145463358145207,103,Mid (Apr),34.97195872827433,135.71747751373331,840,historical
842,9.137243262957782,103,Mid (Apr),34.945688675553534,135.74352880688383,840,historical
843,8.688454509247094,104,Mid (Apr),34.95212642629631,135.7762458187761,840,historical
844,6.524447477422655,110,Mid (Apr),34.92424570776056,135.79190293110443,840,historical
845,6.3880606344901025,111,Mid (Apr),34.90758608346805,135.79066975829193,840,modern
846,7.3303409945219755,108,Mid (Apr),34.9391295091249,135.78155128289947,840,historical
847,9.659624502528459,101,Mid (Apr),34.901310821599324,135.71997529426588,840,historical
848,7.659726403653622,107,Mid (Apr),34.98674994686153,135.70496255853212,840,historical
849,13.578277153428644,89,Early (Jan-Mar),34.9992615673691,135.74789485256187,840,modern
850,5.458311666734517,114,Mid (Apr),34.97088553882204,135.75903933688534,850,historical
851,9.42200074205175,102,Mid (Apr),34.98267154903151,135.7096620235825,850,historical
852,12.989248456433415,91,Mid (Apr),34.9891896269517,135.79508902349045,850,modern
853,6.2189925997518,111,Mid (Apr),34.95394107326865,135.7162743138615,850,historical
854,10.60947983758524,98,Mid (Apr),34.95553135918453,135.79215062626173,850,historical
855,7.065313896164298,109,Mid (Apr),34.92764398837462,135.71277750728186,850,modern
856,6.27531650243327,111,Mid (Apr),34.965919792582284,135.7662739590509,850,historical
857,12.533078643027693,92,Mid (Apr),34.92434352424461,135.7784041927429,850,modern
858,13.950453591533005,88,Early (Jan-Mar),34.92882662047632,135.77646131617948,850,modern
859,8.744627758860588,104,Mid (Apr),34.97157809585333,135.7672570310533,850,modern
860,11.651151946280152,95,Mid (Apr),34.97275336331222,135.71156659023836,860,modern
861,5.948406609240919,112,Mid (Apr),34.91730430386961,135.78513014875352,860,historical
862,8.839696377981454,103,Mid (Apr),34.930631125881334,135.76179615948348,860,historical
863,7.743836445733905,107,Mid (Apr),34.93699072767049,135.7836411555996,860,historical
864,13.146400388795882,91,Mid (Apr),34.90777215543203,135.71699282247573,860,historical
865,9.485163413919508,102,Mid (Apr),34.97131501887925,135.70102812200784,860,modern
866,13.100643530488014,91,Mid (Apr),34.95509227290749,135.73234697312583,860,historical
867,13.123895095195621,91,Mid (Apr),34.91358653963543,135.72696827244945,860,modern
868,12.943423211108893,91,Mid (Apr),34.99741636940744,135.78252613560764,860,historical
869,9.398316876031458,102,Mid (Apr),34.956196315889244,135.79336617370137,860,historical
870,12.544751586392522,92,Mid (Apr),34.97884093816392,135.71277914836537,870,modern
871,11.292211315594614,96,Mid (Apr),34.98489140842575,135.79133376062384,870,modern
872,12.101824013516307,94,Mid (Apr),34.9878041774733,135.76052339477465,870,historical
873,5.006247733253986,115,Mid (Apr),34.98004763738718,135.74002851664554,870,historical
874,9.753165740985423,101,Mid (Apr),34.964014848647636,135.76657953034155,870,historical
875,7.201188851613551,108,Mid (Apr),34.96289277607575,135.77675992771984,870,modern
876,8.798165377229452,104,Mid (Apr),34.92714090046938,135.75218957001343,870,historical
877,11.12771003274247,97,Mid (Apr),34.902993982541375,135.73945075171068,870,historical
878,8.517979092430323,104,Mid (Apr),34.94198642149568,135.7965786833549,870,modern
879,6.111354243475944,112,Mid (Apr),34.93554346710443,135.7048985540634,870,historical
880,7.4361947271972895,108,Mid (Apr),34.939233125397,135.71533082716633,880,modern
881,11.680555874481797,95,Mid (Apr),34.91719368323684,135.7696839065524,880,historical
882,9.17646779678762,102,Mid (Apr),34.93196421193424,135.77277858732268,880,historical
883,12.88195834029466,91,Mid (Apr),34.94135550642386,135.7108379415469,880,historical
884,6.028646442573518,112,Mid (Apr),34.97593356966972,135.7464568545576,880,historical
885,9.34892741497606,102,Mid (Apr),34.92718902050983,135.7642125536222,880,historical
886,14.849569799844176,85,Early (Jan-Mar),34.911558245704505,135.73971109378618,880,modern
887,13.930511143989861,88,Early (Jan-Mar),34.90293366149999,135.79904302570503,880,historical
888,13.86469060787931,88,Early (Jan-Mar),34.980685529788026,135.76787088098936,880,historical
889,6.750526502728462,110,Mid (Apr),34.94801264365669,135.73153184575494,880,historical
890,6.306956915650517,111,Mid (Apr),34.9806247940287,135.71537692600396,890,modern
891,11.531019250396639,95,Mid (Apr),34.907900568167676,135.7301251735771,890,modern
892,8.43516472261399,105,Mid (Apr),34.911533740954475,135.70945155306254,890,historical
893,11.567581279668957,95,Mid (Apr),34.91294162895065,135.70268755068537,890,historical
894,8.20373242488131,105,Mid (Apr),34.973874854203316,135.7310483304318,890,modern
895,6.876911192666739,109,Mid (Apr),34.9757098533446,135.77424388686197,890,historical
896,12.82294301316142,92,Mid (Apr),34.999245530855845,135.79600922123063,890,historical
897,5.935949867125601,112,Mid (Apr),34.96245529872831,135.74158026627265,890,historical
898,9.6677904156968,101,Mid (Apr),34.928869010857305,135.7522235407261,890,historical
899,10.115054599009454,100,Mid (Apr),34.91999117743689,135.70675197287926,890,historical
900,10.999889592640102,97,Mid (Apr),34.980091784871185,135.76298418054358,900,historical
901,8.328235403168947,105,Mid (Apr),34.972776271030305,135.73534137872048,900,modern
902,9.886130336672068,100,Mid (Apr),34.92170479747001,135.7424714652123,900,historical
903,14.544738274998963,86,Early (Jan-Mar),34.97442385053728,135.7963768790709,900,modern
904,9.829023971688002,101,Mid (Apr),34.98666537082754,135.76809984869325,900,historical
905,13.903502221219242,88,Early (Jan-Mar),34.952940575638785,135.77184638844338,900,historical
906,14.14438186911866,88,Early (Jan-Mar),34.95986385468859,135.71706297653728,900,modern
907,11.087349823210388,97,Mid (Apr),34.993763233232315,135.72036090891342,900,historical
908,9.106897765304893,103,Mid (Apr),34.995072409836574,135.78765497119167,900,modern
909,6.470946909394115,111,Mid (Apr),34.966053230129184,135.78375225255732,900,historical
910,14.35299803270027,87,Early (Jan-Mar),34.90722865809221,135.7720627042465,910,historical
911,8.01228899974376,106,Mid (Apr),34.982633157866076,135.72810633711052,910,historical
912,5.607205715496093,113,Mid (Apr),34.94795440779999,135.72099908967502,910,historical
913,14.477269400376827,87,Early (Jan-Mar),34.939122878341,135.74941503196024,910,historical
914,12.205962734296918,93,Mid (Apr),34.9299122775672,135.7521752808243,910,historical
915,6.422942955978215,111,Mid (Apr),34.92443082495593,135.721983181173,910,modern
916,10.492846560664475,99,Mid (Apr),34.942181013175286,135.77631067023614,910,historical
917,14.540912385564297,86,Early (Jan-Mar),34.99377701769117,135.70245196530595,910,modern
918,10.854833531193435,97,Mid (Apr),34.926448511658236,135.7711485945154,910,modern
919,9.04510281747207,103,Mid (Apr),34.95685687540099,135.7840887599159,910,historical
920,11.478934793267399,96,Mid (Apr),34.92021845676936,135.79308210720774,920,historical
921,8.198206170927733,105,Mid (Apr),34.91928056268953,135.76620916472748,920,historical
922,8.077200108673424,106,Mid (Apr),34.97186117451638,135.7269942219369,920,modern
923,7.197676312644035,108,Mid (Apr),34.931351789552714,135.72182334603275,920,modern
924,8.694888658355922,104,Mid (Apr),34.91383901273366,135.78678181711584,920,historical
925,14.842192034702748,85,Early (Jan-Mar),34.90580306977499,135.70245715517083,920,modern
926,6.542023008223623,110,Mid (Apr),34.993109964113685,135.78500267243945,920,modern
927,5.910439998842776,112,Mid (Apr),34.956833801208994,135.75239330769983,920,historical
928,6.419069077819586,111,Mid (Apr),34.91177703605499,135.7435462701833,920,historical
929,11.900071015115827,94,Mid (Apr),34.95647944814991,135.79312947464643,920,modern
930,11.192564833909273,96,Mid (Apr),34.9540256182896,135.71645503959152,930,historical
931,13.91394117148593,88,Early (Jan-Mar),34.98196825184859,135.73787883920596,930,historical
932,11.729990926105529,95,Mid (Apr),34.97029795038979,135.7138044937048,930,modern
933,12.370777379255742,93,Mid (Apr),34.95677483736072,135.71497210771776,930,historical
934,10.211357257794589,99,Mid (Apr),34.972130926628594,135.7676447247388,930,historical
935,11.598384496755898,95,Mid (Apr),34.975244421348904,135.75621161558666,930,historical
936,13.21805460145697,90,Early (Jan-Mar),34.938142259675075,135.74716484427918,930,historical
937,12.862815517000854,91,Mid (Apr),34.92880102812778,135.78111001686193,930,historical
938,14.798219173680991,86,Early (Jan-Mar),34.95316833271645,135.79623885322363,930,historical
939,9.394315362442285,102,Mid (Apr),34.92596460713539,135.75154098840432,930,historical
940,8.117022020742297,106,Mid (Apr),34.98317903177813,135.77037227696275,940,modern
941,9.094749526120722,103,Mid (Apr),34.940536388475444,135.71808795100077,940,historical
942,5.104671118315309,115,Mid (Apr),34.90726319255773,135.73549669471103,940,historical
943,6.838495240081102,109,Mid (Apr),34.995375862461515,135.70499027892947,940,historical
944,13.427293188869953,90,Early (Jan-Mar),34.92171837829519,135.71525537027046,940,historical
945,7.311617820523679,108,Mid (Apr),34.940562526672146,135.70992717186454,940,historical
946,7.390999556519091,108,Mid (Apr),34.962566831544976,135.72801480761262,940,historical
947,5.7669116533361375,113,Mid (Apr),34.96284048038069,135.73874502021354,940,modern
948,7.457236780319363,108,Mid (Apr),34.93282386641949,135.76341587863863,940,historical
949,12.321352055296302,93,Mid (Apr),34.91389094919432,135.7707063608803,940,historical
950,13.474531651008874,90,Early (Jan-Mar),34.99146571704186,135.73260183187668,950,modern
951,9.975272670853883,100,Mid (Apr),34.95991159672849,135.79651833151001,950,modern
952,8.879090298432857,103,Mid (Apr),34.974960709596054,135.76964544474615,950,historical
953,7.464489941485226,108,Mid (Apr),34.99189547451679,135.7161078194156,950,historical
954,6.110964613035321,112,Mid (Apr),34.95287653959822,135.73690622416325,950,historical
955,8.899944352451712,103,Mid (Apr),34.93719787460286,135.7302217759192,950,historical
956,10.719353139866143,98,Mid (Apr),34.90658083211165,135.74579657674767,950,historical
957,7.168927628081292,108,Mid (Apr),34.98543699237052,135.78232827463654,950,historical
958,9.447680020239204,102,Mid (Apr),34.951041130139494,135.72325393508655,950,historical
959,7.179906687233597,108,Mid (Apr),34.92099980586208,135.74023222252725,950,historical
960,10.02299563260749,100,Mid (Apr),34.937584343669,135.79716128029395,960,historical
961,8.539045718498528,104,Mid (Apr),34.92073654998094,135.71244207459966,960,historical
962,11.4998515881598,96,Mid (Apr),34.945924081723206,135.76302900766024,960,modern
963,8.74713956611231,104,Mid (Apr),34.92415022500791,135.7703867005883,960,historical
964,8.554453807882965,104,Mid (Apr),34.911869032238606,135.75912002841943,960,historical
965,10.336879454553127,99,Mid (Apr),34.907246914971616,135.79965162712617,960,modern
966,12.403343603946269,93,Mid (Apr),34.969098984985614,135.7045336101437,960,historical
967,7.211029378231615,108,Mid (Apr),34.92869576192461,135.79900725379122,960,historical
968,9.127461186144501,103,Mid (Apr),34.91494124955498,135.77453063093125,960,historical
969,7.656866868492216,107,Mid (Apr),34.99724320091773,135.74367495977785,960,historical
970,11.299730534665287,96,Mid (Apr),34.94105143903289,135.71530065487605,970,historical
971,6.838284907862544,109,Mid (Apr),34.94018138542305,135.744886517548,970,historical
972,13.636441114358604,89,Early (Jan-Mar),34.96485563486349,135.71863247125876,970,historical
973,12.465680041350424,93,Mid (Apr),34.99163057396654,135.74265485825018,970,modern
974,11.68284649727866,95,Mid (Apr),34.92166621389333,135.7820779866539,970,historical
975,11.180178732611239,96,Mid (Apr),34.95479988718871,135.7050378914224,970,historical
976,8.72238060226664,104,Mid (Apr),34.9720050457865,135.73253821516408,970,modern
977,10.298356858547777,99,Mid (Apr),34.93972460052464,135.78424119295087,970,historical
978,13.746823428664356,89,Early (Jan-Mar),34.90940013926011,135.70401997929437,970,modern
979,10.81750099780038,98,Mid (Apr),34.96348964050412,135.7791872961214,970,modern
980,13.39767764788121,90,Early (Jan-Mar),34.900247881026004,135.7961628437508,980,historical
981,8.124481649138033,106,Mid (Apr),34.921052323980255,135.7660920487484,980,modern
982,12.082903222180903,94,Mid (Apr),34.967902280949055,135.70087174191139,980,historical
983,7.650178060866892,107,Mid (Apr),34.98661891303491,135.74657892242539,980,historical
984,10.943431940395385,97,Mid (Apr),34.97996971155517,135.77166138486936,980,historical
985,9.812898004893214,101,Mid (Apr),34.91349963983521,135.70281821098177,980,historical
986,7.6503273146227,107,Mid (Apr),34.93874982576817,135.78454825587104,980,historical
987,10.64590434776619,98,Mid (Apr),34.978847192903046,135.77464154090268,980,historical
988,14.131882230285555,88,Early (Jan-Mar),34.96929136666004,135.7264030764345,980,historical
989,14.018743894994259,88,Early (Jan-Mar),34.95942729713861,135.77459136762192,980,modern
990,7.741666215006262,107,Mid (Apr),34.91238576513715,135.76715824713466,990,historical
991,8.214827564079314,105,Mid (Apr),34.95550781027414,135.71720527333673,990,historical
992,14.856408843770623,85,Early (Jan-Mar),34.94494113877881,135.76697164683137,990,historical
993,11.199933101888746,96,Mid (Apr),34.976616652868685,135.79303540315016,990,modern
994,14.373140891548246,87,Early (Jan-Mar),34.902609772165306,135.78509747583885,990,modern
995,9.66532702324912,101,Mid (Apr),34.919517143187115,135.77810732352083,990,modern
996,9.06832593260333,103,Mid (Apr),34.988123456481844,135.7685842331266,990,historical
997,11.592303242068738,95,Mid (Apr),34.91098015934694,135.75913691120223,990,historical
998,6.523466168437153,110,Mid (Apr),34.9968550927937,135.74032732169144,990,modern
999,10.728670582175255,98,Mid (Apr),34.93851985929068,135.71283481125718,990,historical
1000,7.387260268442333,108,Mid (Apr),34.98585914073046,135.78201644644142,1000,historical
1001,14.623589364346117,86,Early (Jan-Mar),34.98873847546056,135.77167204723227,1000,historical
1002,11.013657259754837,97,Mid (Apr),34.948909149854444,135.77883248524742,1000,modern
1003,10.15029727248475,100,Mid (Apr),34.9718091808958,135.70183160011655,1000,historical
1004,9.025733422022313,103,Mid (Apr),34.94867055725772,135.71744901409838,1000,historical
1005,13.80246541230008,89,Early (Jan-Mar),34.99887088609394,135.75986489683856,1000,historical
1006,8.640918647870421,104,Mid (Apr),34.90647511295974,135.70806388228664,1000,historical
1007,7.88239280693233,106,Mid (Apr),34.91576627779286,135.7707315941807,1000,historical
1008,6.70645235106349,110,Mid (Apr),34.97853486184031,135.75636687742082,1000,historical
1009,6.7217174638062716,110,Mid (Apr),34.954218828980814,135.7282807909185,1000,historical
1010,9.8204260552302,101,Mid (Apr),34.941654734523034,135.73920567657333,1010,historical
1011,7.529649285133928,107,Mid (Apr),34.99988826490007,135.7672728167847,1010,historical
1012,7.1625478961505,109,Mid (Apr),34.92556731170043,135.716217966727,1010,modern
1013,11.743763880804181,95,Mid (Apr),34.95078756711446,135.71085019034797,1010,historical
1014,5.476636274252087,114,Mid (Apr),34.90789711775724,135.7533444229979,1010,modern
1015,12.008530874736607,94,Mid (Apr),34.98136683644261,135.71031991003545,1010,historical
1016,8.518886384554207,104,Mid (Apr),34.93821791601367,135.7093418085249,1010,modern
1017,9.089439979288727,103,Mid (Apr),34.98021827079356,135.76399251420517,1010,historical
1018,13.209513239562511,90,Early (Jan-Mar),34.919792363676244,135.75640424371232,1010,modern
1019,14.18857348151505,87,Early (Jan-Mar),34.994639977021144,135.73055365195032,1010,historical
1020,7.825283301062882,107,Mid (Apr),34.934567247424276,135.72660090313292,1020,modern
1021,14.611047937069088,86,Early (Jan-Mar),34.95220502472948,135.7632500789594,1020,historical
1022,12.28394428268075,93,Mid (Apr),34.911168800643644,135.78307578335517,1020,modern
1023,11.863750820048153,94,Mid (Apr),34.98859748512041,135.70513556152582,1020,historical
1024,5.528439427725971,113,Mid (Apr),34.99542549732141,135.79923350361642,1020,historical
1025,8.952201346401125,103,Mid (Apr),34.90403807631228,135.70220871928612,1020,modern
1026,9.778453798498958,101,Mid (Apr),34.94936161886435,135.71798388890457,1020,historical
1027,10.602532636839896,98,Mid (Apr),34.92260637048166,135.73286920748652,1020,historical
1028,11.982615948654711,94,Mid (Apr),34.98588003392797,135.7854895716766,1020,historical
1029,14.156835384201258,88,Early (Jan-Mar),34.953093573381196,135.7184360313229,1020,historical
1030,11.183512273710221,96,Mid (Apr),34.90046381508,135.77953567025253,1030,historical
1031,9.284215087536722,102,Mid (Apr),34.92775600801688,135.78588521382773,1030,historical
1032,10.420803672168404,99,Mid (Apr),34.93252031430602,135.74720195338597,1030,historical
1033,5.58478488586843,113,Mid (Apr),34.958870627661234,135.76482028393076,1030,historical
1034,7.608568570576608,107,Mid (Apr),34.924968470074234,135.73250416845548,1030,modern
1035,8.971519533079118,103,Mid (Apr),34.904311728081666,135.74661374581046,1030,historical
1036,6.97744736680761,109,Mid (Apr),34.9110678787576,135.7942407283699,1030,modern
1037,13.319275628309697,90,Early (Jan-Mar),34.970375381200576,135.72454642986412,1030,historical
1038,6.528872228227556,110,Mid (Apr),34.993902123882435,135.70224570592399,1030,historical
1039,13.034185420256108,91,Mid (Apr),34.93111690180376,135.7967071830528,1030,historical
1040,10.468261565547436,99,Mid (Apr),34.90784929301589,135.72600488569586,1040,historical
1041,11.623176420107484,95,Mid (Apr),34.93217440913431,135.76541072165128,1040,historical
1042,6.716984938830137,110,Mid (Apr),34.962490553688255,135.70753812375477,1040,modern
1043,11.330553598236293,96,Mid (Apr),34.94402418495156,135.79692460990046,1040,modern
1044,8.118697467725724,106,Mid (Apr),34.980134530062784,135.7918539323844,1040,modern
1045,12.24554346408695,93,Mid (Apr),34.92792838050518,135.7868152536219,1040,modern
1046,8.989398246631026,103,Mid (Apr),34.957071319338866,135.7424378974829,1040,modern
1047,14.693564111366868,86,Early (Jan-Mar),34.90421280120499,135.77810319759882,1040,historical
1048,14.67398370616138,86,Early (Jan-Mar),34.91907174554653,135.72999058926942,1040,historical
1049,12.26702539017424,93,Mid (Apr),34.972708647069524,135.728945278842,1040,modern
1050,7.572167464531958,107,Mid (Apr),34.982669005030765,135.79992738331202,1050,historical
1051,7.217879346571863,108,Mid (Apr),34.951072107534856,135.79870372079313,1050,historical
1052,10.930456516798586,97,Mid (Apr),34.95677261657547,135.74800463411958,1050,historical
1053,7.6752143213525414,107,Mid (Apr),34.90011558197438,135.7762275066227,1050,historical
1054,10.310703988652676,99,Mid (Apr),34.91437781031709,135.73286119250113,1050,modern
1055,12.852916712872684,91,Mid (Apr),34.986596708302386,135.72362388472538,1050,historical
1056,6.680608105380088,110,Mid (Apr),34.90825610605534,135.76178600303828,1050,historical
1057,9.043991810176522,103,Mid (Apr),34.92445706820581,135.7340449265437,1050,modern
1058,9.715762776322663,101,Mid (Apr),34.99815431574825,135.70583910276181,1050,modern
1059,13.681068068835884,89,Early (Jan-Mar),34.957758127944544,135.79819458222482,1050,historical
1060,14.257079558447003,87,Early (Jan-Mar),34.9248726364458,135.76880401216914,1060,historical
1061,13.819775593001395,89,Early (Jan-Mar),34.96149539537728,135.78621822209098,1060,historical
1062,11.741868425160646,95,Mid (Apr),34.9031757320743,135.7461695483653,1060,historical
1063,14.501669793389738,86,Early (Jan-Mar),34.9146423544269,135.71260271985082,1060,historical
1064,10.16444894252345,100,Mid (Apr),34.970307297399266,135.76802954452577,1060,historical
1065,10.765190212987363,98,Mid (Apr),34.90655607085209,135.70199487851932,1060,modern
1066,8.36331205908209,105,Mid (Apr),34.962180706229994,135.7162958639674,1060,modern
1067,8.473246314097196,105,Mid (Apr),34.993732736539094,135.78958158351017,1060,historical
1068,5.200243005529046,114,Mid (Apr),34.90878946147859,135.71531577445566,1060,historical
1069,10.028130456339568,100,Mid (Apr),34.997280350932854,135.72586415936237,1060,historical
1070,13.710434136446565,89,Early (Jan-Mar),34.90260107105132,135.72440246802287,1070,historical
1071,5.063007839489728,115,Mid (Apr),34.97252279520035,135.73118649073876,1070,historical
1072,5.720571239944547,113,Mid (Apr),34.945370639162135,135.7221246689558,1070,modern
1073,6.642112249974161,110,Mid (Apr),34.95661824049894,135.70305468428413,1070,historical
1074,12.703340742737055,92,Mid (Apr),34.98727310462855,135.79030366090592,1070,modern
1075,12.351843058131635,93,Mid (Apr),34.955456317961215,135.7959397464292,1070,modern
1076,14.718756356742233,86,Early (Jan-Mar),34.97376522072591,135.7942848661449,1070,historical
1077,9.664723768364638,101,Mid (Apr),34.96231291620061,135.74533000399825,1070,historical
1078,5.743845133110881,113,Mid (Apr),34.931102840579115,135.74376650024206,1070,historical
1079,11.488181243184954,96,Mid (Apr),34.939219648460856,135.7050166147761,1070,historical
1080,12.585931695066392,92,Mid (Apr),34.920208745542915,135.73598212683572,1080,historical
1081,6.371060810051858,111,Mid (Apr),34.98527803895995,135.78966440646911,1080,historical
1082,8.965845946222544,103,Mid (Apr),34.96068301508203,135.73710631672293,1080,historical
1083,7.24985329201445,108,Mid (Apr),34.97560980138369,135.75032850112765,1080,historical
1084,5.579585605300963,113,Mid (Apr),34.95625168087427,135.75275993060785,1080,modern
1085,8.958926883060485,103,Mid (Apr),34.92758990128059,135.71702700650783,1080,historical
1086,5.649282999802381,113,Mid (Apr),34.97355584036559,135.7538598776795,1080,modern
1087,7.258864329196513,108,Mid (Apr),34.95492797938641,135.71104934450705,1080,historical
1088,5.5462910910137,113,Mid (Apr),34.93461270439438,135.76141050343867,1080,modern
1089,11.70282039558515,95,Mid (Apr),34.9514965634793,135.7544976426987,1080,historical
1090,7.977417826186866,106,Mid (Apr),34.98157679475844,135.72276286925188,1090,historical
1091,6.007215823046863,112,Mid (Apr),34.952627256931734,135.79015086526053,1090,historical
1092,5.7190409721806645,113,Mid (Apr),34.9203040049877,135.71985264366958,1090,historical
1093,13.804405687842518,89,Early (Jan-Mar),34.984810768044554,135.74218121175653,1090,historical
1094,12.542474020738155,92,Mid (Apr),34.93704942150507,135.7884361858014,1090,historical
1095,13.166058876086026,91,Mid (Apr),34.93033251708839,135.72382008465937,1090,historical
1096,14.821403736714274,86,Early (Jan-Mar),34.977059704693964,135.72916305982508,1090,modern
1097,6.035996449645609,112,Mid (Apr),34.973344855499455,135.787639526953,1090,historical
1098,5.990418293513358,112,Mid (Apr),34.983890599827284,135.7619072475005,1090,historical
1099,12.988316111732274,91,Mid (Apr),34.956904884241524,135.78572987536901,1090,modern
1100,12.845752665307373,91,Mid (Apr),34.90262808382977,135.74772843325044,1100,historical
1101,5.094299050979316,115,Mid (Apr),34.94861272282433,135.7894230959937,1100,historical
1102,12.790658827871084,92,Mid (Apr),34.954268103279176,135.71690693567507,1100,historical
1103,12.293906519189477,93,Mid (Apr),34.98366601169109,135.7621070137713,1100,historical
1104,11.30131852813065,96,Mid (Apr),34.97286645381246,135.7722760529723,1100,modern
1105,9.809108299668878,101,Mid (Apr),34.95551138068549,135.7190216163406,1100,historical
1106,6.566368513740599,110,Mid (Apr),34.907341439742595,135.75687155022752,1100,modern
1107,5.082155198324472,115,Mid (Apr),34.913650229922496,135.76715313275346,1100,historical
1108,9.524583942256868,101,Mid (Apr),34.96846086962614,135.791921089869,1100,historical
1109,9.922933287452906,100,Mid (Apr),34.90996219362132,135.73255596978123,1100,historical
1110,8.89587111538276,103,Mid (Apr),34.92037859051488,135.75467520703097,1110,historical
1111,9.646659418940544,101,Mid (Apr),34.93659801383037,135.70049911786336,1110,modern
1112,12.13279000716284,94,Mid (Apr),34.98461957576219,135.7370116141392,1110,historical
1113,5.553019263315946,113,Mid (Apr),34.923687259550206,135.76376214246267,1110,modern
1114,8.547830975148827,104,Mid (Apr),34.97048778505996,135.76096070101485,1110,historical
1115,13.028122729156166,91,Mid (Apr),34.91076088307891,135.78182921691334,1110,historical
1116,13.357088370248675,90,Early (Jan-Mar),34.97790688686073,135.71178917966316,1110,modern
1117,7.377494049724191,108,Mid (Apr),34.92551056833472,135.76633576711174,1110,historical
1118,8.539861026220024,104,Mid (Apr),34.95480433260091,135.7201607255265,1110,historical
1119,13.568854201585054,89,Early (Jan-Mar),34.903390152077186,135.75868595414795,1110,historical
1120,13.537633738014847,89,Early (Jan-Mar),34.980610947613606,135.76950699787122,1120,modern
1121,7.958954554051161,106,Mid (Apr),34.93377528071869,135.7528288147878,1120,historical
1122,6.47048324579373,111,Mid (Apr),34.99162858580239,135.73695215100886,1120,historical
1123,12.03992061316967,94,Mid (Apr),34.93571064178832,135.7698472405551,1120,historical
1124,6.038066882174462,112,Mid (Apr),34.9975365013117,135.7473704457283,1120,modern
1125,5.337277729995549,114,Mid (Apr),34.93843785226345,135.72308078480418,1120,historical
1126,14.99404527945444,85,Early (Jan-Mar),34.948867353517564,135.74541346966288,1120,historical
1127,5.348748040851206,114,Mid (Apr),34.949077623127955,135.70791919191834,1120,modern
1128,8.383912837598473,105,Mid (Apr),34.901225462416186,135.72576805737336,1120,historical
1129,14.150637616403401,88,Early (Jan-Mar),34.96414732006379,135.7554080500733,1120,historical
1130,11.172352696303278,96,Mid (Apr),34.95125749716535,135.70217597931622,1130,historical
1131,7.862853487022221,106,Mid (Apr),34.93203521182295,135.72111020637675,1130,historical
1132,12.377974030096084,93,Mid (Apr),34.95814331576694,135.76363933922258,1130,modern
1133,13.340543091762811,90,Early (Jan-Mar),34.9617344408296,135.77169737711083,1130,historical
1134,8.142707804217935,106,Mid (Apr),34.94382745376788,135.77768624054735,1130,modern
1135,9.925665478222072,100,Mid (Apr),34.91703689806163,135.7073208565358,1130,historical
1136,11.973737662192434,94,Mid (Apr),34.971508049662226,135.70987483714705,1130,historical
1137,11.41462353989482,96,Mid (Apr),34.974778654868715,135.79463955604007,1130,historical
1138,11.439229149837047,96,Mid (Apr),34.98439147081226,135.79308834078256,1130,modern
1139,14.778534048236907,86,Early (Jan-Mar),34.953475904697555,135.79214515415953,1130,historical
1140,9.147353344596922,103,Mid (Apr),34.93022352615371,135.76499386483337,1140,historical
1141,6.194047799799591,111,Mid (Apr),34.945651818206535,135.71563503660727,1140,modern
1142,10.26029660133645,99,Mid (Apr),34.93843425344676,135.79101436687634,1140,modern
1143,7.250733508262783,108,Mid (Apr),34.92490468546748,135.79220618878026,1140,historical
1144,9.864117640536278,100,Mid (Apr),34.96546267447993,135.71692406139337,1140,historical
1145,8.702147984877229,104,Mid (Apr),34.99553237017244,135.70733673155772,1140,modern
1146,14.833501807879657,85,Early (Jan-Mar),34.929108295729385,135.75662289310714,1140,historical
1147,8.883191151544452,103,Mid (Apr),34.965018908656205,135.73654052969067,1140,modern
1148,7.292448403313756,108,Mid (Apr),34.953635993087666,135.74601666189264,1140,modern
1149,11.232975462917238,96,Mid (Apr),34.95974518666044,135.74647369123994,1140,historical
1150,6.365401970688254,111,Mid (Apr),34.90248982694465,135.77789071081207,1150,modern
1151,14.674694943241775,86,Early (Jan-Mar),34.90048417395446,135.78236663762945,1150,historical
1152,10.150718078948557,100,Mid (Apr),34.91313782543875,135.7282355052186,1150,modern
1153,6.630703292321414,110,Mid (Apr),34.902481710375284,135.77299783141353,1150,historical
1154,11.219022951554507,96,Mid (Apr),34.90921294519212,135.7495971685974,1150,historical
1155,14.859541652258486,85,Early (Jan-Mar),34.94755582241341,135.7066268301103,1150,historical
1156,11.687715174630284,95,Mid (Apr),34.91966567612253,135.7037647830555,1150,historical
1157,9.189158969093114,102,Mid (Apr),34.981467394856736,135.72375850740355,1150,historical
1158,8.233449931722134,105,Mid (Apr),34.92440592281054,135.72183961102272,1150,modern
1159,13.352553199511021,90,Early (Jan-Mar),34.94888076379429,135.7422386274906,1150,historical
1160,6.438170436304063,111,Mid (Apr),34.96488824796397,135.75497516330796,1160,historical
1161,6.92815946880728,109,Mid (Apr),34.91587164700031,135.7713737604674,1160,historical
1162,13.967386826407164,88,Early (Jan-Mar),34.98369779109489,135.7239994108677,1160,modern
1163,8.081195543054491,106,Mid (Apr),34.943659652979115,135.78956820131282,1160,modern
1164,8.633005435112864,104,Mid (Apr),34.92334955250844,135.74826237880626,1160,historical
1165,12.839464787393808,91,Mid (Apr),34.92988559920341,135.72628470018972,1160,historical
1166,6.933786799199879,109,Mid (Apr),34.91594213368371,135.73199187603313,1160,modern
1167,5.177658118773252,114,Mid (Apr),34.95855671041645,135.76643019742332,1160,historical
1168,9.066078662872314,103,Mid (Apr),34.91487779770978,135.7728051361395,1160,historical
1169,9.831676692701876,101,Mid (Apr),34.917905955971214,135.75714359509294,1160,historical
1170,9.218449501786381,102,Mid (Apr),34.933922150498255,135.78786950763316,1170,modern
1171,8.428088016808033,105,Mid (Apr),34.91839019388426,135.7409203278832,1170,historical
1172,13.664833146613091,89,Early (Jan-Mar),34.940554152219555,135.7205395789584,1170,historical
1173,9.551080509554595,101,Mid (Apr),34.96135596183594,135.7470820417162,1170,modern
1174,10.337648736312985,99,Mid (Apr),34.968567133438775,135.73794077753556,1170,historical
1175,14.638433319050819,86,Early (Jan-Mar),34.98235256001353,135.72475649623667,1170,modern
1176,12.745915420819074,92,Mid (Apr),34.9373982113786,135.7925032525789,1170,historical
1177,7.088763485662639,109,Mid (Apr),34.99528410045896,135.74661747065838,1170,modern
1178,8.087868327274919,106,Mid (Apr),34.90188321589958,135.70139416833408,1170,historical
1179,14.71342450240627,86,Early (Jan-Mar),34.96123749723192,135.79432247381192,1170,historical
1180,10.849000934977084,97,Mid (Apr),34.94635737638455,135.7374545655446,1180,modern
1181,12.608236253727227,92,Mid (Apr),34.935472962050696,135.7008041535504,1180,historical
1182,8.727093944326043,104,Mid (Apr),34.98824230288155,135.79805245033933,1180,historical
1183,12.691939112264663,92,Mid (Apr),34.90758028584532,135.73775400558952,1180,historical
1184,10.376771830487996,99,Mid (Apr),34.98832911916543,135.79858675547877,1180,historical
1185,14.139954496640712,88,Early (Jan-Mar),34.91882218357641,135.71396163906903,1180,historical
1186,6.852964418940246,109,Mid (Apr),34.921506674680856,135.75622181030923,1180,modern
1187,7.822184173855931,107,Mid (Apr),34.98695322915446,135.77943601943554,1180,historical
1188,5.949624131899327,112,Mid (Apr),34.90608380562626,135.71939013686497,1180,historical
1189,7.104870791081339,109,Mid (Apr),34.92348996007349,135.77106985030696,1180,historical
1190,14.770989962853491,86,Early (Jan-Mar),34.99930155128241,135.75657080200034,1190,historical
1191,7.963021753821522,106,Mid (Apr),34.96781977277715,135.70101157331374,1190,historical
1192,12.259830269031227,93,Mid (Apr),34.9435486800503,135.7256950867828,1190,historical
1193,12.8568783425726,91,Mid (Apr),34.93773099419195,135.74709814828822,1190,historical
1194,6.054177461192012,112,Mid (Apr),34.946118402434514,135.79268627471757,1190,historical
1195,7.395946290344,108,Mid (Apr),34.980185187165624,135.79952919788195,1190,modern
1196,7.70544872386381,107,Mid (Apr),34.96629669752438,135.720998230041,1190,historical
1197,6.0105849406681955,112,Mid (Apr),34.946600366407075,135.75451869082173,1190,historical
1198,6.179138412699103,111,Mid (Apr),34.905325943650674,135.76453928723933,1190,historical
1199,14.912365558557212,85,Early (Jan-Mar),34.923719791835175,135.7901107980637,1190,historical
1200,14.86054297303781,85,Early (Jan-Mar),34.92332397375721,135.7732321747346,1200,historical
1201,6.3706747139804065,111,Mid (Apr),34.92306536007673,135.7609710701974,1200,historical
1202,14.053095816634595,88,Early (Jan-Mar),34.90617262739688,135.72243721336125,1200,historical
1203,10.76301837572828,98,Mid (Apr),34.94971186092589,135.79161710133778,1200,historical
1204,8.954488590825349,103,Mid (Apr),34.92441250886768,135.78027610247955,1200,historical
1205,9.498024841304868,102,Mid (Apr),34.97581855389289,135.73124086125753,1200,historical
1206,12.065019011497498,94,Mid (Apr),34.95473026775289,135.722725119628,1200,modern
1207,5.825027457904071,113,Mid (Apr),34.99480668962933,135.76575952039568,1200,historical
1208,8.393125801812857,105,Mid (Apr),34.908617219235744,135.77357311563102,1200,modern
1209,11.807875512167811,95,Mid (Apr),34.99478825849947,135.7465094254585,1200,historical
1210,8.169492480810732,105,Mid (Apr),34.97223988680635,135.78636053293013,1210,historical
1211,13.315685980487615,90,Early (Jan-Mar),34.99220046047121,135.76750005832875,1210,historical
1212,7.151720826514065,109,Mid (Apr),34.96138409436681,135.71614678888582,1210,historical
1213,9.979489361867309,100,Mid (Apr),34.91609665013384,135.70120903067289,1210,modern
1214,7.760496726259589,107,Mid (Apr),34.91829406921752,135.78660680274479,1210,modern
1215,6.920233187265694,109,Mid (Apr),34.9730183562031,135.71007127878255,1210,historical
1216,14.506212640553713,86,Early (Jan-Mar),34.95895256504882,135.7312232244527,1210,modern
1217,8.217255377676338,105,Mid (Apr),34.931248236261304,135.74344950530212,1210,historical
1218,9.784563838038594,101,Mid (Apr),34.97727943989448,135.76157560641877,1210,modern
1219,5.279925719369203,114,Mid (Apr),34.933629820216446,135.73392240568063,1210,historical
1220,10.474594680126756,99,Mid (Apr),34.98556766910478,135.7579978102818,1220,historical
1221,11.442402205429971,96,Mid (Apr),34.958052849350494,135.78296748027205,1220,historical
1222,10.962635446339846,97,Mid (Apr),34.941572265140714,135.73346181456,1220,modern
1223,8.219373757019639,105,Mid (Apr),34.993257278529924,135.73820189961697,1220,historical
1224,13.911143124569207,88,Early (Jan-Mar),34.94626988414675,135.76056899346878,1220,historical
1225,11.262569474056363,96,Mid (Apr),34.90993463299237,135.74957358920946,1220,historical
1226,8.02904915297404,106,Mid (Apr),34.9465449363226,135.7109267883701,1220,modern
1227,8.882046637590975,103,Mid (Apr),34.99840838576201,135.78459282999393,1220,historical
1228,6.604750924743712,110,Mid (Apr),34.99252728659194,135.74458565351088,1220,historical
1229,13.625518975313753,89,Early (Jan-Mar),34.94353987635113,135.77503759048415,1220,modern
1230,14.531012137886137,86,Early (Jan-Mar),34.98697207157966,135.77955386196263,1230,historical
1231,10.636446834541857,98,Mid (Apr),34.93003541717771,135.73906988571397,1230,historical
1232,8.295474133919924,105,Mid (Apr),34.979797263117504,135.7014847888844,1230,historical
1233,14.966172187123448,85,Early (Jan-Mar),34.9800510711968,135.77434148266912,1230,historical
1234,7.348196757957339,108,Mid (Apr),34.93869256961625,135.70683851786887,1230,historical
1235,11.126719652675092,97,Mid (Apr),34.93815896951128,135.75320206307805,1230,historical
1236,6.081785294227302,112,Mid (Apr),34.96455156141892,135.71226304138543,1230,modern
1237,9.870325699448586,100,Mid (Apr),34.98616674542427,135.76757699991578,1230,modern
1238,5.99445823347196,112,Mid (Apr),34.96566326708999,135.70560200677718,1230,historical
1239,6.611657626926899,110,Mid (Apr),34.95163260735571,135.77980093858204,1230,historical
1240,7.82992870779708,107,Mid (Apr),34.91487815834116,135.7662604964571,1240,historical
1241,10.838723359629512,97,Mid (Apr),34.96127659028862,135.72442413966635,1240,modern
1242,12.317076588515192,93,Mid (Apr),34.904196681897155,135.71603724372108,1240,historical
1243,6.655209111049771,110,Mid (Apr),34.94983589926269,135.70579999003093,1240,historical
1244,13.664677632041276,89,Early (Jan-Mar),34.97395082216244,135.70152111938222,1240,historical
1245,12.08574137184769,94,Mid (Apr),34.97538997794036,135.7833354771603,1240,historical
1246,12.6039953622967,92,Mid (Apr),34.906309374119154,135.72618772177955,1240,historical
1247,6.470841085538268,111,Mid (Apr),34.94424819333944,135.70554148261434,1240,historical
1248,8.580569634214044,104,Mid (Apr),34.950067169917745,135.73480334328488,1240,historical
1249,11.73332481412217,95,Mid (Apr),34.92702431003563,135.75802184089554,1240,historical
1250,10.238226016517729,99,Mid (Apr),34.9598802149063,135.78042182757054,1250,historical
1251,8.498017927631736,105,Mid (Apr),34.973583762627094,135.73402657264378,1250,historical
1252,7.4053070158697665,108,Mid (Apr),34.971357781183904,135.71348503308835,1250,historical
1253,5.581917962990701,113,Mid (Apr),34.91164929368533,135.7773612920195,1250,historical
1254,7.366197421215475,108,Mid (Apr),34.957512061833405,135.7877237849869,1250,historical
1255,13.900779131799936,88,Early (Jan-Mar),34.97981319872197,135.79879680350425,1250,historical
1256,13.118274160660803,91,Mid (Apr),34.92318237966392,135.76548185851425,1250,historical
1257,12.475163221824914,93,Mid (Apr),34.97248558255378,135.7254027303308,1250,historical
1258,6.54911725781858,110,Mid (Apr),34.98380231978372,135.76414555599914,1250,historical
1259,6.247420886065811,111,Mid (Apr),34.91188385707792,135.7450612380635,1250,historical
1260,14.747258084826171,86,Early (Jan-Mar),34.99589503966272,135.71969611970707,1260,modern
1261,9.361299960874021,102,Mid (Apr),34.97477645843755,135.76061874853912,1260,historical
1262,9.640166268218309,101,Mid (Apr),34.98108894787729,135.7974629749777,1260,historical
1263,6.652980812359601,110,Mid (Apr),34.91899177234154,135.71991743813268,1260,historical
1264,10.849365573376417,97,Mid (Apr),34.902596877748145,135.74347589735407,1260,historical
1265,7.707780194468796,107,Mid (Apr),34.98637822922319,135.7339538734639,1260,modern
1266,7.3009692039340734,108,Mid (Apr),34.99191798653919,135.70340082424227,1260,modern
1267,11.912078314926475,94,Mid (Apr),34.91376279878896,135.7099198563257,1260,historical
1268,7.828523996286094,107,Mid (Apr),34.94776486218907,135.74192328327337,1260,historical
1269,13.103980661835521,91,Mid (Apr),34.94629615002777,135.70473383399656,1260,historical
1270,5.939166070893407,112,Mid (Apr),34.97001786110923,135.7026529276976,1270,historical
1271,13.22030071169138,90,Early (Jan-Mar),34.90655749011785,135.7173512046458,1270,historical
1272,9.274282807018608,102,Mid (Apr),34.973303999332714,135.73780865343286,1270,modern
1273,12.558872597292066,92,Mid (Apr),34.93959315903485,135.7588322784286,1270,modern
1274,11.62385506555438,95,Mid (Apr),34.94614878448192,135.733642967022,1270,historical
1275,9.445273969322443,102,Mid (Apr),34.972529936325735,135.7494548286777,1270,historical
1276,11.271461844444275,96,Mid (Apr),34.94700026470236,135.77523266747593,1270,historical
1277,5.004653490614146,115,Mid (Apr),34.99995239775162,135.71690621119924,1270,historical
1278,7.172435140237212,108,Mid (Apr),34.98459357917309,135.7843631636584,1270,historical
1279,12.048722456675023,94,Mid (Apr),34.982820730376986,135.73203028563876,1270,modern
1280,7.151664881967008,109,Mid (Apr),34.97616443443112,135.7233887216309,1280,historical
1281,13.139337212778628,91,Mid (Apr),34.91121064918116,135.7309993565781,1280,historical
1282,8.077638742979616,106,Mid (Apr),34.98389770193025,135.77899099632631,1280,historical
1283,11.877426856663078,94,Mid (Apr),34.98138505241368,135.72545077491085,1280,historical
1284,14.326810790225863,87,Early (Jan-Mar),34.99914121942129,135.79228235257324,1280,historical
1285,6.1577966483309865,112,Mid (Apr),34.904831452481446,135.71483534974976,1280,historical
1286,6.277056878898293,111,Mid (Apr),34.974678791244514,135.7216477806447,1280,modern
1287,11.782238574232906,95,Mid (Apr),34.94193135215901,135.7626091811806,1280,modern
1288,9.2894859588705,102,Mid (Apr),34.95821438971907,135.72570701732766,1280,modern
1289,13.344009779393673,90,Early (Jan-Mar),34.983073406224136,135.7707173747709,1280,modern
1290,14.714380668010563,86,Early (Jan-Mar),34.90135306273587,135.7742405218305,1290,historical
1291,5.7048897771164775,113,Mid (Apr),34.90115217631683,135.72623563935048,1290,historical
1292,9.597851932048798,101,Mid (Apr),34.99964457072783,135.75726198079064,1290,historical
1293,12.0158511842601,94,Mid (Apr),34.97656896670814,135.79156486277935,1290,modern
1294,5.869401679374278,112,Mid (Apr),34.931466261064635,135.77084200503305,1290,historical
1295,14.929440161213279,85,Early (Jan-Mar),34.98120117443614,135.78443550707308,1290,modern
1296,7.530989940278232,107,Mid (Apr),34.999121921742336,135.79199424141552,1290,modern
1297,5.495384356472641,114,Mid (Apr),34.92007595929317,135.72946346744428,1290,historical
1298,11.86324946815148,94,Mid (Apr),34.96460372202564,135.76506526642478,1290,historical
1299,12.869273526594043,91,Mid (Apr),34.94375507289078,135.7141766190296,1290,historical
1300,8.536060759797692,104,Mid (Apr),34.993802826153114,135.78535316819327,1300,historical
1301,8.664414449594915,104,Mid (Apr),34.99880033053923,135.7666006616084,1300,historical
1302,7.871001306921244,106,Mid (Apr),34.94563195609953,135.77333266793286,1300,modern
1303,5.799729123245925,113,Mid (Apr),34.9230614943197,135.73147403493059,1300,historical
1304,8.654542695730925,104,Mid (Apr),34.969548926851715,135.76677179401742,1300,historical
1305,6.780138146132231,110,Mid (Apr),34.9556632344611,135.74638867115135,1300,historical
1306,10.360537206288427,99,Mid (Apr),34.95847100894898,135.76502829312813,1300,historical
1307,10.03948712022975,100,Mid (Apr),34.94336312469095,135.77857752081474,1300,historical
1308,14.45035103475675,87,Early (Jan-Mar),34.94261750527657,135.79017042007763,1300,historical
1309,8.413212839514017,105,Mid (Apr),34.95968543954659,135.75274075481576,1300,modern
1310,9.647137741558254,101,Mid (Apr),34.945208558486776,135.71581090483815,1310,modern
1311,5.8253118162974715,113,Mid (Apr),34.995660865865645,135.7269618753111,1310,historical
1312,13.601068460848182,89,Early (Jan-Mar),34.984443035000005,135.7134540214436,1310,historical
1313,8.956606399733573,103,Mid (Apr),34.92227686026599,135.72375575553158,1310,historical
1314,12.358993503730744,93,Mid (Apr),34.94201701770071,135.77230566220825,1310,historical
1315,6.71743405982852,110,Mid (Apr),34.941998293553475,135.76271254322492,1310,historical
1316,9.54761631321162,101,Mid (Apr),34.9020790848881,135.74523644926958,1310,historical
1317,12.702047594357282,92,Mid (Apr),34.93804479695391,135.7634306973545,1310,historical
1318,5.626499983482063,113,Mid (Apr),34.94223484275862,135.75294968795498,1310,modern
1319,13.150814950931817,91,Mid (Apr),34.91914260634221,135.73301063857505,1310,historical
1320,8.011425244621933,106,Mid (Apr),34.970532928174364,135.77707373606972,1320,historical
1321,8.646710279863328,104,Mid (Apr),34.90135204752441,135.76349891687278,1320,historical
1322,8.12112791929394,106,Mid (Apr),34.97312031057663,135.77743636840023,1320,historical
1323,5.373699648771435,114,Mid (Apr),34.94327240979764,135.71788491639307,1320,historical
1324,10.188049233984202,99,Mid (Apr),34.97312400930095,135.73964022737928,1320,historical
1325,11.790134157054126,95,Mid (Apr),34.901394155249,135.79627158658116,1320,historical
1326,14.032335602678359,88,Early (Jan-Mar),34.90453133084811,135.73773136192466,1320,historical
1327,5.255266984459013,114,Mid (Apr),34.94184143764432,135.7077554949792,1320,modern
1328,14.890782707370818,85,Early (Jan-Mar),34.96438400021289,135.75293351090514,1320,modern
1329,8.028876245953143,106,Mid (Apr),34.92197937855963,135.7949723993661,1320,modern
1330,14.391384006012231,87,Early (Jan-Mar),34.98334426528309,135.7856113054091,1330,historical
1331,11.876075817272067,94,Mid (Apr),34.96947673135437,135.75494361438322,1330,modern
1332,9.470369948539883,102,Mid (Apr),34.98991244852077,135.76649535417093,1330,historical
1333,13.164781387895346,91,Mid (Apr),34.94142402852885,135.75004481365903,1330,historical
1334,5.394991978537291,114,Mid (Apr),34.94110047032591,135.79240721608514,1330,modern
1335,12.390316855162382,93,Mid (Apr),34.9250014989404,135.709192795353,1330,historical
1336,8.487194937188178,105,Mid (Apr),34.93737670390401,135.74969533574767,1330,modern
1337,13.292508234735578,90,Early (Jan-Mar),34.92318927326705,135.77822240940296,1330,historical
1338,10.355413916986436,99,Mid (Apr),34.99316031646449,135.78698468741496,1330,historical
1339,7.745453636161983,107,Mid (Apr),34.94763447551522,135.79015523293057,1330,historical
1340,13.009482119232416,91,Mid (Apr),34.90476650029886,135.7811382487882,1340,historical
1341,5.91644694795832,112,Mid (Apr),34.977353105600926,135.71537296273746,1340,modern
1342,13.32107774214819,90,Early (Jan-Mar),34.93311173294205,135.772975872783,1340,historical
1343,7.768550724722445,107,Mid (Apr),34.95528764706105,135.77595029331277,1340,historical
1344,12.531100995838642,92,Mid (Apr),34.967633052892054,135.76608194874134,1340,modern
1345,14.641525701154023,86,Early (Jan-Mar),34.927733437088314,135.79080350862353,1340,modern
1346,5.814665600191802,113,Mid (Apr),34.905285567836835,135.73897838664706,1340,historical
1347,13.543647464830428,89,Early (Jan-Mar),34.9425758583704,135.79569783448244,1340,modern
1348,13.022382170893252,91,Mid (Apr),34.96101184820291,135.74565863693132,1340,historical
1349,8.851736045908183,103,Mid (Apr),34.99760460350662,135.71950085945426,1340,modern
1350,8.275973990093917,105,Mid (Apr),34.99698001202196,135.75907192330342,1350,modern
1351,7.049387029837817,109,Mid (Apr),34.90884845573455,135.71553986934012,1350,historical
1352,10.693826626520604,98,Mid (Apr),34.949838003725745,135.75194960788357,1350,modern
1353,13.880551904439926,88,Early (Jan-Mar),34.93956893677823,135.7412839690922,1350,modern
1354,10.297140914481133,99,Mid (Apr),34.93903319290839,135.78272169502452,1350,historical
1355,10.869586567860097,97,Mid (Apr),34.931849949085155,135.75630958802066,1350,modern
1356,11.65735142538324,95,Mid (Apr),34.96825750542339,135.74564754818567,1350,historical
1357,10.298924585804343,99,Mid (Apr),34.92846149075776,135.7192348625278,1350,historical
1358,10.09842899395153,100,Mid (Apr),34.93900947142392,135.74719468348195,1350,historical
1359,5.161604809109122,115,Mid (Apr),34.99901685602963,135.72325002443975,1350,historical
1360,5.4770998493768275,114,Mid (Apr),34.979200573149136,135.7314079710748,1360,historical
1361,14.293506825342774,87,Early (Jan-Mar),34.931240515154784,135.78668520452922,1360,historical
1362,12.692855386994779,92,Mid (Apr),34.98171177303884,135.744498730707,1360,historical
1363,7.010806160978973,109,Mid (Apr),34.9220909772208,135.74339284189045,1360,historical
1364,11.502615003846586,95,Mid (Apr),34.950107382028364,135.74725880811457,1360,historical
1365,11.537666823714972,95,Mid (Apr),34.91669722963125,135.7833401712356,1360,modern
1366,8.952537614386529,103,Mid (Apr),34.911965919448996,135.70103411078452,1360,historical
1367,13.12304828548804,91,Mid (Apr),34.98976099677384,135.73091294744518,1360,modern
1368,10.470234176609665,99,Mid (Apr),34.90937148786615,135.70861529714892,1360,historical
1369,13.851326515432447,88,Early (Jan-Mar),34.98650585566647,135.7823007093044,1360,modern
1370,10.533139875624329,98,Mid (Apr),34.9276591463713,135.7471107213758,1370,modern
1371,14.060481116175652,88,Early (Jan-Mar),34.90272836927324,135.75323359256146,1370,historical
1372,10.874613670166582,97,Mid (Apr),34.978738496336156,135.73953954291065,1370,historical
1373,9.234636509791017,102,Mid (Apr),34.93586602997966,135.74544371694793,1370,modern
1374,14.495853229891509,87,Early (Jan-Mar),34.90251029657666,135.71149009470827,1370,modern
1375,12.09037903463468,94,Mid (Apr),34.97460935979616,135.70310908427928,1370,modern
1376,9.133054080884904,103,Mid (Apr),34.90296255771536,135.70232108787167,1370,historical
1377,5.183640837203711,114,Mid (Apr),34.94338648309931,135.707751934533,1370,historical
1378,10.667340827640146,98,Mid (Apr),34.92566268329974,135.73615310953463,1370,historical
1379,9.900634530931711,100,Mid (Apr),34.94980152209755,135.7761408725055,1370,historical
1380,13.7867402122356,89,Early (Jan-Mar),34.96533552305773,135.77432816417422,1380,modern
1381,13.12852687900886,91,Mid (Apr),34.908365688566114,135.7097692203475,1380,historical
1382,13.540999775286764,89,Early (Jan-Mar),34.918047246173956,135.79619054174984,1380,historical
1383,8.678959477692842,104,Mid (Apr),34.91044625015929,135.71432044284884,1380,modern
1384,13.739499128423631,89,Early (Jan-Mar),34.981239298381844,135.74846617411822,1380,modern
1385,6.513381714466959,110,Mid (Apr),34.96275024416391,135.7564910990186,1380,historical
1386,7.818116697017103,107,Mid (Apr),34.96305724859703,135.79323055904825,1380,historical
1387,11.667051578406245,95,Mid (Apr),34.93908898502122,135.78200247706846,1380,modern
1388,14.77383576799184,86,Early (Jan-Mar),34.94322535737883,135.75330830395689,1380,historical
1389,10.827397366520017,98,Mid (Apr),34.934863400226455,135.73844689803664,1380,historical
1390,10.265900795347989,99,Mid (Apr),34.97935577586759,135.75459883122238,1390,historical
1391,5.607822248712182,113,Mid (Apr),34.98869361120742,135.77967279348522,1390,historical
1392,14.690388636663556,86,Early (Jan-Mar),34.96511270867195,135.76273433621972,1390,historical
1393,6.202371285762638,111,Mid (Apr),34.95928632642608,135.71039570006542,1390,historical
1394,5.883633010089397,112,Mid (Apr),34.93278220938519,135.71919925096444,1390,historical
1395,13.807641149032861,89,Early (Jan-Mar),34.907568936794995,135.78421104336158,1390,modern
1396,10.083706297446042,100,Mid (Apr),34.959138724207875,135.7479376612464,1390,historical
1397,8.374949973076582,105,Mid (Apr),34.91783367635217,135.77772605880165,1390,modern
1398,13.943346254527569,88,Early (Jan-Mar),34.97413501241245,135.7818179134978,1390,historical
1399,5.3197162807919085,114,Mid (Apr),34.92938762081321,135.7296933939913,1390,historical
1400,7.37229697406292,108,Mid (Apr),34.96391858106945,135.72267099393065,1400,historical
1401,11.864903511013836,94,Mid (Apr),34.912482239725065,135.76203578931745,1400,historical
1402,7.258184233214706,108,Mid (Apr),34.925526578375134,135.73738755728118,1400,historical
1403,8.18494588136673,105,Mid (Apr),34.98205746873282,135.7885972418124,1400,historical
1404,6.7398381675593555,110,Mid (Apr),34.98037803929765,135.7125531607773,1400,historical
1405,13.014295836910605,91,Mid (Apr),34.904583463072775,135.71579965907148,1400,modern
1406,6.462820579763502,111,Mid (Apr),34.98755317218602,135.76384625257924,1400,modern
1407,13.227173916529864,90,Early (Jan-Mar),34.91280090899672,135.71861305618657,1400,historical
1408,8.309978286270052,105,Mid (Apr),34.96088314035442,135.7664508679649,1400,modern
1409,8.741693878546357,104,Mid (Apr),34.94695668732747,135.75120258545502,1400,historical
1410,11.297454237937927,96,Mid (Apr),34.9557291085599,135.77416198404973,1410,historical
1411,5.966337430290878,112,Mid (Apr),34.973039278457875,135.73365130296443,1410,historical
1412,5.219937153160572,114,Mid (Apr),34.9469858688768,135.71112684495745,1410,historical
1413,14.930447803344578,85,Early (Jan-Mar),34.99886100590229,135.74022896243258,1410,historical
1414,10.839388456661254,97,Mid (Apr),34.99846683845389,135.75426987402608,1410,historical
1415,12.818230651319027,92,Mid (Apr),34.939328468102026,135.77402612871956,1410,historical
1416,13.918961226008832,88,Early (Jan-Mar),34.960884713754055,135.7172570080962,1410,historical
1417,12.548654535785317,92,Mid (Apr),34.93454837300815,135.7586485426873,1410,historical
1418,14.792037301231176,86,Early (Jan-Mar),34.94371125621255,135.74998465422541,1410,historical
1419,5.441470679361373,114,Mid (Apr),34.92291319633368,135.79363585668617,1410,modern
1420,14.034008847083896,88,Early (Jan-Mar),34.90060722480994,135.79103031102568,1420,historical
1421,13.655008140485734,89,Early (Jan-Mar),34.90238768882118,135.71529066092333,1420,historical
1422,12.75407591369003,92,Mid (Apr),34.905875842832025,135.73072975052054,1420,historical
1423,8.768164168577641,104,Mid (Apr),34.976457564509474,135.76982941683383,1420,historical
1424,5.42108048684895,114,Mid (Apr),34.946904400549826,135.77632152412554,1420,historical
1425,8.644110816530883,104,Mid (Apr),34.98508318802342,135.7509869654663,1420,modern
1426,7.737512697931379,107,Mid (Apr),34.95817193905823,135.72267271720338,1420,historical
1427,13.504674807190895,89,Early (Jan-Mar),34.918688826239666,135.71658614240587,1420,historical
1428,8.624017124529928,104,Mid (Apr),34.96090609785169,135.73161371506285,1420,historical
1429,8.044777906034142,106,Mid (Apr),34.989334173314276,135.7044941086322,1420,historical
1430,12.59135339409113,92,Mid (Apr),34.979432116588576,135.7669568413403,1430,historical
1431,13.44834624323994,90,Early (Jan-Mar),34.95040928339586,135.77462771732826,1430,historical
1432,9.579215610865504,101,Mid (Apr),34.94230282737408,135.72485333625227,1430,historical
1433,12.296316644642502,93,Mid (Apr),34.965438128774984,135.74669532221742,1430,historical
1434,6.040786360390484,112,Mid (Apr),34.98877385144588,135.70442873267456,1430,modern
1435,7.199831777252257,108,Mid (Apr),34.98920164711308,135.70982659002766,1430,historical
1436,14.53951247734949,86,Early (Jan-Mar),34.91783905378543,135.78970945242327,1430,historical
1437,12.520375412423164,92,Mid (Apr),34.92575024247635,135.7615148483077,1430,historical
1438,13.189553832635283,90,Early (Jan-Mar),34.9113438504748,135.76407100001816,1430,historical
1439,9.177771017421037,102,Mid (Apr),34.97971589586232,135.7461002120981,1430,historical
1440,10.938384931068867,97,Mid (Apr),34.910953848878854,135.72797314529308,1440,historical
1441,12.98823557794094,91,Mid (Apr),34.98290716947522,135.79449502460193,1440,historical
1442,13.884086504112929,88,Early (Jan-Mar),34.97710462969262,135.70230717244556,1440,modern
1443,8.851915933191776,103,Mid (Apr),34.99436894045211,135.71773127261548,1440,historical
1444,5.903220842592418,112,Mid (Apr),34.94669575935695,135.7971428127261,1440,historical
1445,11.257436370942742,96,Mid (Apr),34.993985564750616,135.77997377563733,1440,modern
1446,12.456362172961235,93,Mid (Apr),34.978518294240345,135.79996510141063,1440,historical
1447,5.85378457326442,112,Mid (Apr),34.987460787501185,135.72607434527018,1440,historical
1448,8.005176112055779,106,Mid (Apr),34.93944626534358,135.75821826583706,1440,historical
1449,11.145621573086828,97,Mid (Apr),34.90996991607826,135.70722941660787,1440,modern
1450,12.52932057948783,92,Mid (Apr),34.92769614204298,135.7802283700323,1450,modern
1451,14.170571330469102,87,Early (Jan-Mar),34.972222205111755,135.7880565365078,1450,historical
1452,9.757505056913942,101,Mid (Apr),34.935630517941895,135.78896295391024,1450,historical
1453,10.671194661408663,98,Mid (Apr),34.938271188340146,135.7011327006854,1450,modern
1454,12.366203460842371,93,Mid (Apr),34.903196865087374,135.7241400566185,1450,modern
1455,13.574474244378507,89,Early (Jan-Mar),34.952144528692585,135.76072688975836,1450,historical
1456,14.091465044766665,88,Early (Jan-Mar),34.91210779102985,135.7362720564939,1450,historical
1457,5.5638222536072135,113,Mid (Apr),34.9885184176499,135.7709208659362,1450,historical
1458,10.029083041008562,100,Mid (Apr),34.90746462990064,135.7042072960641,1450,modern
1459,8.50544773042202,104,Mid (Apr),34.978422794677314,135.76571710307618,1450,historical
1460,13.455561229493469,90,Early (Jan-Mar),34.98541323025711,135.7230689442018,1460,historical
1461,13.064351638313383,91,Mid (Apr),34.903717817063445,135.72729773726314,1460,modern
1462,6.173312272876501,111,Mid (Apr),34.927514350949785,135.77331637777388,1460,historical
1463,12.126865549944341,94,Mid (Apr),34.964206994907,135.71782562008593,1460,modern
1464,7.352688580285758,108,Mid (Apr),34.978507835953494,135.7385634268634,1460,historical
1465,5.749567511957139,113,Mid (Apr),34.94000627119094,135.76843545606826,1460,historical
1466,14.356461472343653,87,Early (Jan-Mar),34.99353023297154,135.74151910475922,1460,historical
1467,6.571678251493722,110,Mid (Apr),34.939051697077225,135.754216183885,1460,historical
1468,11.470573500264436,96,Mid (Apr),34.94239593071397,135.74551898802164,1460,historical
1469,6.735177461523563,110,Mid (Apr),34.92864217010792,135.7127064438304,1460,modern
1470,5.200740091968328,114,Mid (Apr),34.96117484085262,135.7031184246065,1470,modern
1471,10.213138463441283,99,Mid (Apr),34.95588127386291,135.7165653203847,1470,historical
1472,5.862778932787478,112,Mid (Apr),34.903996713506054,135.77988807116637,1470,historical
1473,7.830023460555822,107,Mid (Apr),34.97452819468454,135.71423880374059,1470,modern
1474,9.204349010251462,102,Mid (Apr),34.92064874207135,135.70744408417957,1470,modern
1475,10.872781241778284,97,Mid (Apr),34.96564959650859,135.70285740075633,1470,historical
1476,13.066944296006113,91,Mid (Apr),34.95224146712572,135.74173919032327,1470,modern
1477,7.019952088594437,109,Mid (Apr),34.96334365848452,135.78540280375165,1470,historical
1478,9.59424671716988,101,Mid (Apr),34.96175631338265,135.7330488940468,1470,historical
1479,9.481431138701737,102,Mid (Apr),34.92848955474328,135.74444365156813,1470,historical
1480,12.337477582041174,93,Mid (Apr),34.92238072224427,135.74134832359852,1480,historical
1481,12.147548105567694,94,Mid (Apr),34.95390193553176,135.7351750784088,1480,modern
1482,13.312219788786024,90,Early (Jan-Mar),34.99963719772641,135.79278502794915,1480,historical
1483,13.86566120898351,88,Early (Jan-Mar),34.93289165368769,135.79300545563456,1480,modern
1484,14.526445739902556,86,Early (Jan-Mar),34.93233360883314,135.72802631598896,1480,historical
1485,10.506167218554765,98,Mid (Apr),34.90353235178627,135.77293099495583,1480,historical
1486,10.223357661161572,99,Mid (Apr),34.952561185252854,135.72167848995886,1480,modern
1487,6.7069825530052185,110,Mid (Apr),34.95968069150113,135.7940247777384,1480,modern
1488,9.792715599760413,101,Mid (Apr),34.97420866591856,135.70642989731857,1480,modern
1489,7.538207964971662,107,Mid (Apr),34.995283712958916,135.7988668913953,1480,historical
1490,5.397806370165199,114,Mid (Apr),34.948962123785165,135.72102084802464,1490,historical
1491,11.34800509782508,96,Mid (Apr),34.90832873454783,135.7318532433128,1490,historical
1492,10.395609140396118,99,Mid (Apr),34.92599279989954,135.71217698864638,1490,historical
1493,6.401035499293357,111,Mid (Apr),34.987484662560746,135.75842142461335,1490,historical
1494,7.837117768358439,106,Mid (Apr),34.98520591363776,135.76583434115165,1490,historical
1495,10.830305952113122,98,Mid (Apr),34.98429046645761,135.79961650276093,1490,historical
1496,6.650258922018111,110,Mid (Apr),34.99469036746304,135.71940675668884,1490,historical
1497,5.963011106941849,112,Mid (Apr),34.96526816347614,135.78164967191407,1490,modern
1498,9.28613091353327,102,Mid (Apr),34.948815556522455,135.76194520599674,1490,historical
1499,8.55761565733701,104,Mid (Apr),34.918775670067404,135.7985607108567,1490,historical
1500,13.449335398618132,90,Early (Jan-Mar),34.97130330607761,135.74417919651606,1500,historical
1501,7.60132473660633,107,Mid (Apr),34.908506997069345,135.77241852227598,1500,historical
1502,5.23144492181018,114,Mid (Apr),34.94611994056031,135.70758486231787,1500,modern
1503,13.623995396774262,89,Early (Jan-Mar),34.99359073066152,135.76303427519744,1500,historical
1504,8.345879612024873,105,Mid (Apr),34.98452936678659,135.72145864514167,1500,modern
1505,11.31788871716708,96,Mid (Apr),34.97161867169198,135.7919127551839,1500,modern
1506,10.464262587483972,99,Mid (Apr),34.912380634830335,135.7811952003278,1500,historical
1507,8.764444931875914,104,Mid (Apr),34.95948274612893,135.78561159269884,1500,historical
1508,6.858730150852352,109,Mid (Apr),34.998985280143096,135.78167572459208,1500,modern
1509,9.289405911695212,102,Mid (Apr),34.96154084878508,135.74171016903128,1500,historical
1510,11.307735985610634,96,Mid (Apr),34.92730776669923,135.79775491037873,1510,historical
1511,10.208423512522131,99,Mid (Apr),34.90637068431824,135.7499363659881,1510,historical
1512,11.596213371958584,95,Mid (Apr),34.90723032755777,135.74985716645605,1510,modern
1513,12.29360931320116,93,Mid (Apr),34.98735112140421,135.7343472252134,1510,historical
1514,9.868228733539581,100,Mid (Apr),34.93628249967005,135.70673493940848,1510,modern
1515,8.844566156622022,103,Mid (Apr),34.99456221491564,135.7907365338877,1510,historical
1516,5.0683350884355605,115,Mid (Apr),34.95583189399913,135.72211197356228,1510,historical
1517,5.036842275876552,115,Mid (Apr),34.95126611508895,135.72976638930848,1510,modern
1518,14.94936440140009,85,Early (Jan-Mar),34.99477716635447,135.76585424626248,1510,historical
1519,6.078868801705539,112,Mid (Apr),34.910980159556495,135.75666199096014,1510,historical
1520,9.186691583599895,102,Mid (Apr),34.98189075505361,135.79712923900226,1520,modern
1521,12.17884546611458,93,Mid (Apr),34.93773421067744,135.71049322332254,1520,historical
1522,12.425391322467476,93,Mid (Apr),34.955664104782045,135.75437989258208,1520,historical
1523,13.719988237135112,89,Early (Jan-Mar),34.93138711866923,135.79153721348848,1520,modern
1524,11.078679610509425,97,Mid (Apr),34.90823428803123,135.78729374036195,1520,historical
1525,12.56203351309523,92,Mid (Apr),34.97799375422765,135.79045389092062,1520,historical
1526,13.472412980627269,90,Early (Jan-Mar),34.91932347284164,135.77787805635018,1520,historical
1527,11.127796489745378,97,Mid (Apr),34.96555854675826,135.71671710701193,1520,historical
1528,12.932241677772254,91,Mid (Apr),34.94351470533292,135.71213849091436,1520,historical
1529,5.228546834550798,114,Mid (Apr),34.91971483265515,135.7118294130545,1520,historical
1530,9.169145496562123,102,Mid (Apr),34.99946604222059,135.74320675912313,1530,modern
1531,13.748823874630034,89,Early (Jan-Mar),34.94467428664211,135.777738696686,1530,historical
1532,11.47347015561536,96,Mid (Apr),34.9031426664209,135.79040980951396,1530,historical
1533,14.244789867661893,87,Early (Jan-Mar),34.993701655813496,135.7426466280129,1530,historical
1534,6.722250960301608,110,Mid (Apr),34.98709839542862,135.78095111062285,1530,historical
1535,8.158127891365439,106,Mid (Apr),34.96012462833896,135.7468375103781,1530,modern
1536,13.042562792543322,91,Mid (Apr),34.92990154563449,135.7678603097331,1530,modern
1537,14.889634111896157,85,Early (Jan-Mar),34.98093462751713,135.77587258841376,1530,historical
1538,8.223855518735945,105,Mid (Apr),34.99521423850674,135.76833596152719,1530,modern
1539,5.011916283983737,115,Mid (Apr),34.985205397126265,135.78475796133282,1530,historical
1540,14.921706193126738,85,Early (Jan-Mar),34.91273097358644,135.73115699095652,1540,modern
1541,6.483523917850107,111,Mid (Apr),34.99688823497854,135.71827668026089,1540,historical
1542,5.493642971850932,114,Mid (Apr),34.955710100871514,135.70935201700775,1540,modern
1543,10.97353482618928,97,Mid (Apr),34.900536444736645,135.70147945936768,1540,historical
1544,8.213284434750676,105,Mid (Apr),34.91357639196794,135.79024133027997,1540,historical
1545,10.279290003236383,99,Mid (Apr),34.900584710156544,135.7796052918071,1540,modern
1546,12.95422020368278,91,Mid (Apr),34.98168740621768,135.70777718985917,1540,historical
1547,5.689325968269259,113,Mid (Apr),34.97821635878645,135.7101743090432,1540,historical
1548,11.950206973124295,94,Mid (Apr),34.993106628581884,135.7173892091494,1540,modern
1549,14.48631507344544,87,Early (Jan-Mar),34.93686898823362,135.75286780204624,1540,historical
1550,7.7776931738480926,107,Mid (Apr),34.99744548741728,135.77353140146008,1550,modern
1551,7.494065852370113,108,Mid (Apr),34.9823743681889,135.7118218665011,1550,historical
1552,6.594354801345617,110,Mid (Apr),34.9787448863266,135.71034393920561,1550,modern
1553,5.716300560161471,113,Mid (Apr),34.96228258346673,135.75522634640802,1550,historical
1554,10.574375831056386,98,Mid (Apr),34.996735492884184,135.72905185678974,1550,historical
1555,9.898370516020805,100,Mid (Apr),34.94999184906483,135.74404405246023,1550,historical
1556,9.942923618946224,100,Mid (Apr),34.98936955996324,135.71184443044476,1550,historical
1557,13.88371585169807,88,Early (Jan-Mar),34.940104324696584,135.79216186082922,1550,historical
1558,5.367043598089367,114,Mid (Apr),34.94475416096393,135.77325894979296,1550,modern
1559,7.03743813559413,109,Mid (Apr),34.993577908212316,135.74615304630714,1550,historical
1560,10.137811391614377,100,Mid (Apr),34.96833321973681,135.76723144268618,1560,historical
1561,7.3633988900110126,108,Mid (Apr),34.901816313015296,135.72884944111573,1560,modern
1562,10.754356698598713,98,Mid (Apr),34.91655267176684,135.766344541125,1560,historical
1563,9.822579114697874,101,Mid (Apr),34.94958344988991,135.73750686431305,1560,modern
1564,10.693526887334883,98,Mid (Apr),34.94265352280345,135.76709235417658,1560,modern
1565,6.44152315100655,111,Mid (Apr),34.99920531206298,135.74127245629205,1560,modern
1566,6.457087625749409,111,Mid (Apr),34.98889501239173,135.77113202342298,1560,historical
1567,9.122831129934639,103,Mid (Apr),34.93457553712651,135.72810759572312,1560,modern
1568,11.830102824606001,95,Mid (Apr),34.970584412501196,135.77387044779024,1560,historical
1569,11.534278204198927,95,Mid (Apr),34.99087246870622,135.75749214538374,1560,historical
1570,14.159863330423832,88,Early (Jan-Mar),34.96762928871904,135.70244959855916,1570,modern
1571,13.131131324917078,91,Mid (Apr),34.96391002712771,135.7362694725627,1570,modern
1572,11.758900012355298,95,Mid (Apr),34.91496045270469,135.74408492723015,1570,modern
1573,13.074991093017161,91,Mid (Apr),34.9601125390036,135.74034019527025,1570,historical
1574,6.280644196085632,111,Mid (Apr),34.927275123586874,135.75447721679228,1570,historical
1575,7.5077853398397565,107,Mid (Apr),34.94578533710446,135.7863196505932,1570,modern
1576,8.31546991597861,105,Mid (Apr),34.922225309326315,135.7765674656257,1570,modern
1577,9.072692899499089,103,Mid (Apr),34.92549215168692,135.70654219081624,1570,historical
1578,11.353675769641995,96,Mid (Apr),34.96536877271719,135.71175179758575,1570,historical
1579,13.086120449006557,91,Mid (Apr),34.947199316113256,135.73097882072906,1570,modern
1580,7.588012013584375,107,Mid (Apr),34.916096303565425,135.73086783071048,1580,historical
1581,13.194671398960054,90,Early (Jan-Mar),34.92720803346019,135.77323367947247,1580,historical
1582,5.154776689596474,115,Mid (Apr),34.97129560930189,135.7141491358867,1580,modern
1583,11.544007665943354,95,Mid (Apr),34.96133536521811,135.7977573237615,1580,historical
1584,13.117195842787623,91,Mid (Apr),34.91321219662204,135.78547990159132,1580,modern
1585,9.613689268007874,101,Mid (Apr),34.907000725320536,135.75839237321634,1580,historical
1586,7.034171016421169,109,Mid (Apr),34.99662650129758,135.7899564253865,1580,historical
1587,5.187682171817869,114,Mid (Apr),34.9368270277977,135.70093445430973,1580,historical
1588,7.831326972227544,107,Mid (Apr),34.96774540846236,135.77845570861828,1580,modern
1589,14.152726256288588,88,Early (Jan-Mar),34.98459517303854,135.79078014777042,1580,historical
1590,14.336965205147862,87,Early (Jan-Mar),34.92416503853165,135.71107775599228,1590,historical
1591,10.425316137261689,99,Mid (Apr),34.90351509910543,135.74658210033084,1590,historical
1592,7.1942254598252475,108,Mid (Apr),34.959524023672564,135.76743482607418,1590,historical
1593,9.894278040155768,100,Mid (Apr),34.98361911280081,135.7465452460805,1590,modern
1594,13.011487361509353,91,Mid (Apr),34.936224921024404,135.78750205417165,1590,historical
1595,9.076306577771902,103,Mid (Apr),34.93321885333862,135.74010855362286,1590,modern
1596,6.037115668877959,112,Mid (Apr),34.96447363307234,135.75666851457208,1590,historical
1597,7.805651747621596,107,Mid (Apr),34.99586151367985,135.76537057461684,1590,modern
1598,8.614662205800414,104,Mid (Apr),34.95962036284618,135.7285659729503,1590,modern
1599,7.592448410578072,107,Mid (Apr),34.95102800179738,135.78919448507952,1590,historical
1600,9.706818335689604,101,Mid (Apr),34.91552641359158,135.7138713344466,1600,modern
1601,8.658454732503742,104,Mid (Apr),34.98458510055207,135.75571941412053,1600,historical
1602,6.212720542680472,111,Mid (Apr),34.92143804256339,135.72529284262563,1600,historical
1603,5.46993680531159,114,Mid (Apr),34.96698732448276,135.70736061707137,1600,historical
1604,7.627963041886687,107,Mid (Apr),34.961775645124725,135.77626486252993,1600,historical
1605,14.686411679722369,86,Early (Jan-Mar),34.90499997769948,135.76063687759452,1600,modern
1606,9.884954823646694,100,Mid (Apr),34.9949398775585,135.73329938652458,1600,modern
1607,9.77822029730305,101,Mid (Apr),34.958255203161386,135.7909663618775,1600,historical
1608,12.487928811460733,93,Mid (Apr),34.986095433705486,135.75900271967984,1600,historical
1609,11.676402313169092,95,Mid (Apr),34.951846724934875,135.79464257294313,1600,historical
1610,5.494155967608094,114,Mid (Apr),34.926612748345356,135.79023305387238,1610,historical
1611,11.951052444055676,94,Mid (Apr),34.95973776634783,135.73869680387435,1610,modern
1612,8.632615667302161,104,Mid (Apr),34.97955760841724,135.7718480994925,1610,historical
1613,13.841336073819548,88,Early (Jan-Mar),34.9689286037581,135.78273470548447,1610,historical
1614,12.752972296439111,92,Mid (Apr),34.94806316446047,135.79138220446185,1610,historical
1615,6.392036413308233,111,Mid (Apr),34.94659293887671,135.71306187987793,1610,historical
1616,7.950092712417245,106,Mid (Apr),34.96184123351704,135.7044417076744,1610,historical
1617,6.260827854275703,111,Mid (Apr),34.94492705143057,135.79882338678,1610,historical
1618,10.899016237817705,97,Mid (Apr),34.96027075327002,135.73894793537912,1610,modern
1619,10.616756088566035,98,Mid (Apr),34.90046089740935,135.77110534131063,1610,historical
1620,11.887211201246828,94,Mid (Apr),34.99949945125263,135.75259400769136,1620,modern
1621,8.112708090338856,106,Mid (Apr),34.94064624484162,135.73869012752547,1620,modern
1622,11.055868414696306,97,Mid (Apr),34.91179516371339,135.77185668307357,1620,historical
1623,14.910343189258128,85,Early (Jan-Mar),34.98695390953217,135.7880180717446,1620,historical
1624,12.432049151975662,93,Mid (Apr),34.954019295657055,135.7121160196373,1620,modern
1625,5.758571303449571,113,Mid (Apr),34.98815976679325,135.73670522368047,1620,modern
1626,9.511689064092934,101,Mid (Apr),34.90375398390461,135.77899318635465,1620,historical
1627,5.5353693454526365,113,Mid (Apr),34.98814339621458,135.7215600231895,1620,historical
1628,8.395555140450597,105,Mid (Apr),34.972234966978434,135.76207267609425,1620,historical
1629,12.339521488174796,93,Mid (Apr),34.97698102965951,135.7377722356934,1620,historical
1630,5.0410694046877325,115,Mid (Apr),34.98635937089566,135.76040352999698,1630,modern
1631,12.719094823114574,92,Mid (Apr),34.9500742103206,135.756451826822,1630,historical
1632,9.629752112086862,101,Mid (Apr),34.99258640243206,135.76944433001336,1630,historical
1633,12.208403500262648,93,Mid (Apr),34.920807467028496,135.78141436865553,1630,historical
1634,11.665057172067463,95,Mid (Apr),34.9027105593821,135.7453684234526,1630,historical
1635,10.720737206283957,98,Mid (Apr),34.93157930721063,135.73699646950698,1630,modern
1636,12.038129500579089,94,Mid (Apr),34.96601122496649,135.78226590382403,1630,historical
1637,11.572210604790598,95,Mid (Apr),34.93146913007367,135.7512624271447,1630,historical
1638,7.893521450459957,106,Mid (Apr),34.9944461387815,135.77415818253067,1630,modern
1639,5.972394556738436,112,Mid (Apr),34.977897057984954,135.7849338478176,1630,historical
1640,14.624213210772723,86,Early (Jan-Mar),34.933943124627696,135.7440299715381,1640,historical
1641,12.363340291194618,93,Mid (Apr),34.94816462646704,135.7405908306595,1640,historical
1642,11.127234685700387,97,Mid (Apr),34.94159947987646,135.78509176108057,1640,modern
1643,6.199288808275014,111,Mid (Apr),34.977633389947,135.7727024612017,1640,historical
1644,10.502590464893728,98,Mid (Apr),34.948542700591496,135.7615070251515,1640,historical
1645,7.627562778070569,107,Mid (Apr),34.90152991041541,135.7700001063291,1640,modern
1646,13.983608311973512,88,Early (Jan-Mar),34.96424512951635,135.77481729639695,1640,historical
1647,5.091799458023161,115,Mid (Apr),34.92348299848381,135.7261847642716,1640,historical
1648,7.362349359318614,108,Mid (Apr),34.97470258830581,135.72761966516262,1640,historical
1649,6.300445953384042,111,Mid (Apr),34.92956073745154,135.7199463771656,1640,modern
1650,8.26233146712184,105,Mid (Apr),34.99062181916088,135.7942995996913,1650,modern
1651,12.2639888827689,93,Mid (Apr),34.98533240179531,135.7271145681152,1650,historical
1652,14.917452353984118,85,Early (Jan-Mar),34.94619637769647,135.74984086491168,1650,historical
1653,12.151335277594626,94,Mid (Apr),34.90713482482824,135.70366878819186,1650,historical
1654,10.044398109894246,100,Mid (Apr),34.95778037244454,135.78017372328324,1650,historical
1655,9.36047671828419,102,Mid (Apr),34.957957933400756,135.74052245658822,1650,historical
1656,14.488252506125718,87,Early (Jan-Mar),34.99935767769348,135.74601259052287,1650,modern
1657,6.20181487640366,111,Mid (Apr),34.93352744143922,135.79311521505008,1650,historical
1658,5.751451766118407,113,Mid (Apr),34.96668017741759,135.73898807256484,1650,historical
1659,13.890214927960187,88,Early (Jan-Mar),34.99385560019873,135.77458163690753,1650,modern
1660,9.24452095059678,102,Mid (Apr),34.95748568349518,135.7783608496655,1660,historical
1661,5.4236067878082395,114,Mid (Apr),34.96917114139069,135.72074562532362,1660,historical
1662,11.474421436432749,96,Mid (Apr),34.90897585870698,135.7056526729604,1660,modern
1663,9.686191624496132,101,Mid (Apr),34.986645924462934,135.73315138337202,1660,modern
1664,11.179261233191937,96,Mid (Apr),34.95011393968016,135.7683805185603,1660,modern
1665,7.708154325373471,107,Mid (Apr),34.922325628413816,135.77677742682863,1660,historical
1666,6.57295286655426,110,Mid (Apr),34.94124192416202,135.76530493914615,1660,historical
1667,6.1425427021458745,112,Mid (Apr),34.98863062795717,135.79338039942087,1660,modern
1668,10.076828631572425,100,Mid (Apr),34.94955934372265,135.7003515951568,1660,modern
1669,10.480322875082493,99,Mid (Apr),34.9672753727762,135.7378389092628,1660,modern
1670,6.4064618945121765,111,Mid (Apr),34.9282504437957,135.7643704051152,1670,historical
1671,6.697690500877798,110,Mid (Apr),34.981705830292775,135.7099072611192,1670,modern
1672,12.619853231590241,92,Mid (Apr),34.92460994545836,135.70150634618474,1670,historical
1673,10.27394940610975,99,Mid (Apr),34.936964619392526,135.71485650704707,1670,historical
1674,13.609893575776368,89,Early (Jan-Mar),34.923552439501506,135.77453103133013,1670,modern
1675,11.7355498787947,95,Mid (Apr),34.99357569259591,135.78527467509267,1670,historical
1676,5.130410296842456,115,Mid (Apr),34.941507682832885,135.73249454572797,1670,historical
1677,11.93198901368305,94,Mid (Apr),34.91374494053889,135.72666695087682,1670,modern
1678,13.917137321550399,88,Early (Jan-Mar),34.991436472302304,135.72435474421363,1670,historical
1679,11.3185017532669,96,Mid (Apr),34.934764137608,135.79562502915508,1670,modern
1680,6.072946549393237,112,Mid (Apr),34.98529308757279,135.74972687393893,1680,modern
1681,14.21065203845501,87,Early (Jan-Mar),34.91426351787522,135.76944515754005,1680,historical
1682,11.753623811528087,95,Mid (Apr),34.93594328709878,135.79151319139638,1680,historical
1683,6.485937125980854,111,Mid (Apr),34.924550506751984,135.76089217870032,1680,modern
1684,12.45341842295602,93,Mid (Apr),34.904590594652106,135.72626088578252,1680,modern
1685,14.425988618750125,87,Early (Jan-Mar),34.9784547902178,135.79189307377675,1680,historical
1686,9.207833756227046,102,Mid (Apr),34.91991717345081,135.77116130786018,1680,historical
1687,7.977230781689286,106,Mid (Apr),34.939185024425385,135.70438285937996,1680,historical
1688,7.594266701489687,107,Mid (Apr),34.93235622446518,135.76335076268296,1680,historical
1689,7.228813169058412,108,Mid (Apr),34.960210590506904,135.7852732387837,1680,historical
1690,10.656543434597552,98,Mid (Apr),34.954127167956905,135.71190958593505,1690,modern
1691,12.566501328255981,92,Mid (Apr),34.999082373268905,135.79520379032476,1690,historical
1692,11.69603545917198,95,Mid (Apr),34.92537910491228,135.704083985975,1690,historical
1693,10.46522794291377,99,Mid (Apr),34.97352698931936,135.71705999816768,1690,historical
1694,13.114636577665806,91,Mid (Apr),34.99776081610471,135.70231534095944,1690,historical
1695,12.591668020468205,92,Mid (Apr),34.955804624175656,135.73899099065457,1690,historical
1696,5.200684661976993,114,Mid (Apr),34.93927081595175,135.7709277140908,1690,historical
1697,8.809037001337856,104,Mid (Apr),34.9824689259287,135.76557555457111,1690,historical
1698,5.508801136165857,113,Mid (Apr),34.91123844608664,135.7486142716836,1690,modern
1699,12.979029372800142,91,Mid (Apr),34.95357779040933,135.70807231627404,1690,historical
1700,14.236992131918669,87,Early (Jan-Mar),34.9443831584882,135.79678844006267,1700,historical
1701,10.42598370462656,99,Mid (Apr),34.92739572126884,135.75602728652302,1700,historical
1702,13.523646001704037,89,Early (Jan-Mar),34.915735753579064,135.77169061612804,1700,historical
1703,10.835628632921726,97,Mid (Apr),34.98718380737118,135.7283424756024,1700,historical
1704,11.683236435055733,95,Mid (Apr),34.95620448563714,135.78022529035806,1700,historical
1705,10.113145965151489,100,Mid (Apr),34.95506897582673,135.76292193583214,1700,historical
1706,12.627505892887712,92,Mid (Apr),34.95923652856145,135.79089609119112,1700,historical
1707,14.033622879069299,88,Early (Jan-Mar),34.97278128627222,135.73961251890287,1700,modern
1708,13.204745121765882,90,Early (Jan-Mar),34.963892528461294,135.73082844140006,1700,modern
1709,5.71431849617511,113,Mid (Apr),34.96144501648378,135.77316941630562,1700,modern
1710,5.038963430561125,115,Mid (Apr),34.90524168505799,135.76950085684658,1710,historical
1711,5.521986158564687,113,Mid (Apr),34.956515775294974,135.74353001655544,1710,historical
1712,13.665601797401905,89,Early (Jan-Mar),34.95873413803056,135.78075198903682,1710,historical
1713,10.76245168922469,98,Mid (Apr),34.9628567075124,135.73056130448822,1710,historical
1714,8.138425720389932,106,Mid (Apr),34.962189064500855,135.79145553132986,1710,historical
1715,14.594657837878913,86,Early (Jan-Mar),34.908227004203944,135.7629829389509,1710,historical
1716,10.91193757019937,97,Mid (Apr),34.907764261215924,135.7777164258063,1710,historical
1717,10.314093357883394,99,Mid (Apr),34.96870946898125,135.77171438923105,1710,historical
1718,8.839366715401411,103,Mid (Apr),34.98303035923745,135.76631761894097,1710,modern
1719,8.195532294921577,105,Mid (Apr),34.91459098751657,135.770309200068,1710,modern
1720,13.083862552884966,91,Mid (Apr),34.97835300723091,135.7192635847954,1720,historical
1721,5.419194984715432,114,Mid (Apr),34.948645007913,135.75980782145635,1720,historical
1722,8.637426947243512,104,Mid (Apr),34.998926510545424,135.77671705218964,1720,modern
1723,13.565969669725746,89,Early (Jan-Mar),34.949910495453516,135.72363759318833,1720,historical
1724,11.979465784970671,94,Mid (Apr),34.956226053508,135.76915560625494,1720,historical
1725,11.84486472979188,94,Mid (Apr),34.93782570206094,135.70922390776684,1720,historical
1726,8.480150527320802,105,Mid (Apr),34.9518637197325,135.77370412403252,1720,modern
1727,10.546818294096738,98,Mid (Apr),34.90742837921716,135.79446810714435,1720,historical
1728,6.372436175588518,111,Mid (Apr),34.953847234416756,135.76640876517632,1720,historical
1729,12.849315563216805,91,Mid (Apr),34.9961061000824,135.76674155746588,1720,modern
1730,13.868625715840608,88,Early (Jan-Mar),34.95278101395816,135.74200216743628,1730,modern
1731,7.0409588329494,109,Mid (Apr),34.943715945188885,135.71379669224842,1730,modern
1732,12.706229614559561,92,Mid (Apr),34.903226699656805,135.74693651136477,1730,modern
1733,10.963629607576877,97,Mid (Apr),34.90377341806889,135.70937542426398,1730,historical
1734,14.576697424054146,86,Early (Jan-Mar),34.904734829394144,135.7754073351156,1730,historical
1735,6.586883976124227,110,Mid (Apr),34.91609590356238,135.73663279055617,1730,modern
1736,10.25974274147302,99,Mid (Apr),34.9469097393332,135.75681363816838,1730,historical
1737,13.731513675302267,89,Early (Jan-Mar),34.980592397483996,135.73830213141628,1730,historical
1738,13.697060702834278,89,Early (Jan-Mar),34.92805975161027,135.72032387000507,1730,historical
1739,5.236886432394385,114,Mid (Apr),34.9754783985205,135.75352653858718,1730,modern
1740,14.75889693479985,86,Early (Jan-Mar),34.952182581485246,135.73858472490684,1740,modern
1741,9.902241982053965,100,Mid (Apr),34.928894719318485,135.7862285359297,1740,historical
1742,8.891703230328858,103,Mid (Apr),34.90173772014678,135.70935635447967,1740,historical
1743,9.175549598876387,102,Mid (Apr),34.96683495298494,135.70634485378395,1740,historical
1744,5.929258204996586,112,Mid (Apr),34.90669759646989,135.71667640372178,1740,historical
1745,6.618092101998627,110,Mid (Apr),34.98363864268176,135.7935655231355,1740,historical
1746,9.05416495166719,103,Mid (Apr),34.91353431558236,135.74425089752768,1740,modern
1747,8.418144441675395,105,Mid (Apr),34.965587810846046,135.76743962827604,1740,modern
1748,9.152574532199651,103,Mid (Apr),34.98379477288108,135.7036077999044,1740,historical
1749,8.040524690877646,106,Mid (Apr),34.92576479960699,135.7468421088066,1740,historical
1750,10.602805374655873,98,Mid (Apr),34.91359952851199,135.70456535702104,1750,modern
1751,6.558741505723447,110,Mid (Apr),34.97634884142317,135.76200336937328,1750,modern
1752,14.565797641407698,86,Early (Jan-Mar),34.921199623332356,135.78648919882252,1750,historical
1753,5.439666253514588,114,Mid (Apr),34.92679695992265,135.71958691605832,1750,historical
1754,8.721577427349985,104,Mid (Apr),34.95318311946467,135.7282098453259,1750,historical
1755,14.626153414137661,86,Early (Jan-Mar),34.947411686740814,135.78651870887262,1750,historical
1756,11.454275157302618,96,Mid (Apr),34.93734436649829,135.70320350471883,1750,historical
1757,5.612626143265516,113,Mid (Apr),34.97753499285318,135.77823553753552,1750,historical
1758,9.09945928491652,103,Mid (Apr),34.95582039700821,135.7455069493968,1750,modern
1759,9.25905134063214,102,Mid (Apr),34.91552366211545,135.7080121888546,1750,historical
1760,10.081580847036093,100,Mid (Apr),34.99894184484147,135.79067608700134,1760,historical
1761,9.495999107602984,102,Mid (Apr),34.92444464303553,135.71890066545456,1760,historical
1762,11.232613835018128,96,Mid (Apr),34.91303785122,135.7746095868293,1760,modern
1763,6.399779310449958,111,Mid (Apr),34.921268113539554,135.74315640798304,1760,historical
1764,14.07946400810033,88,Early (Jan-Mar),34.9380004248349,135.76705321972258,1760,historical
1765,10.694432747550309,98,Mid (Apr),34.93596211688127,135.7187451212667,1760,historical
1766,10.482805739156902,99,Mid (Apr),34.93026620489545,135.78817431728822,1760,historical
1767,6.168276225216687,111,Mid (Apr),34.90443997136317,135.7048867448466,1760,historical
1768,12.620283323340118,92,Mid (Apr),34.993478335277175,135.72202048867476,1760,modern
1769,9.783694467041641,101,Mid (Apr),34.9568717029877,135.72618004661052,1760,historical
1770,12.819689146708697,92,Mid (Apr),34.92208027450833,135.77672099040356,1770,historical
1771,5.460265486035496,114,Mid (Apr),34.98779611752834,135.7385962504195,1770,modern
1772,13.198446677997708,90,Early (Jan-Mar),34.9467288806336,135.72785731090698,1770,historical
1773,7.694084474351257,107,Mid (Apr),34.95423498146702,135.70776155120691,1770,modern
1774,7.828504145145416,107,Mid (Apr),34.97843981739133,135.75003048628568,1770,modern
1775,11.432215594686568,96,Mid (Apr),34.9647870272398,135.74514514494223,1770,historical
1776,14.481188377831131,87,Early (Jan-Mar),34.91448931470513,135.7986601613229,1770,historical
1777,5.069984544534236,115,Mid (Apr),34.93216373771429,135.714213434048,1770,modern
1778,8.516176720149815,104,Mid (Apr),34.99510555826127,135.78338357515167,1770,modern
1779,9.190457249060273,102,Mid (Apr),34.91881984909996,135.70295294900424,1770,historical
1780,9.578767970670015,101,Mid (Apr),34.975040424847975,135.7778758703731,1780,historical
1781,12.116925793234259,94,Mid (Apr),34.94591584752779,135.72286739402915,1780,historical
1782,14.19848057674244,87,Early (Jan-Mar),34.914136504894124,135.71338601184542,1780,modern
1783,11.271107005886734,96,Mid (Apr),34.92051930760499,135.71906109238043,1780,historical
1784,14.021817783359438,88,Early (Jan-Mar),34.96752934996039,135.72158646397293,1780,historical
1785,12.573291591834277,92,Mid (Apr),34.91380302105099,135.79341713921167,1780,modern
1786,6.3785836566239595,111,Mid (Apr),34.94155437008012,135.798881765455,1780,historical
1787,6.532548780087382,110,Mid (Apr),34.94512470318004,135.73100249285343,1780,historical
1788,6.913121868856251,109,Mid (Apr),34.962294656969604,135.71371308793314,1780,historical
1789,9.331851406022906,102,Mid (Apr),34.925117429741654,135.7660985806724,1780,historical
1790,5.872193018440157,112,Mid (Apr),34.94641534637194,135.75849133767187,1790,historical
1791,7.237800010479987,108,Mid (Apr),34.916550922906026,135.73440653325522,1790,historical
1792,10.721486795227975,98,Mid (Apr),34.98578064534813,135.7813956538448,1790,historical
1793,9.00169178377837,103,Mid (Apr),34.91565518972929,135.72831839595455,1790,modern
1794,10.654653806705028,98,Mid (Apr),34.908833163371305,135.78458410606254,1790,historical
1795,13.296238787006587,90,Early (Jan-Mar),34.98934177719057,135.71370218854864,1790,historical
1796,11.421138194855303,96,Mid (Apr),34.930062050838025,135.78619477562606,1790,modern
1797,8.914987517055124,103,Mid (Apr),34.975208667106926,135.70671206188854,1790,historical
1798,12.095798547379673,94,Mid (Apr),34.94016066479962,135.74352084354032,1790,historical
1799,6.0882407310418785,112,Mid (Apr),34.944855810608715,135.7680134959519,1790,historical
